,year,variable,value
0,1920,16,0.0
1,1921,16,0.0
2,1922,16,0.0
3,1923,16,0.0
4,1924,16,0.0
5,1925,16,0.0
6,1926,16,0.0
7,1927,16,0.0
8,1928,16,0.0
9,1929,16,0.0
10,1930,16,0.0
11,1931,16,0.0
12,1932,16,0.0
13,1933,16,0.0
14,1934,16,0.0
15,1935,16,0.0
16,1936,16,0.0
17,1937,16,0.0
18,1938,16,0.0
19,1939,16,0.0
20,1940,16,0.0
21,1941,16,0.0
22,1942,16,0.0
23,1943,16,0.0
24,1944,16,0.0
25,1945,16,0.0
26,1946,16,0.0
27,1947,16,0.0
28,1948,16,0.0
29,1949,16,0.0
30,1950,16,0.0
31,1951,16,0.0
32,1952,16,0.0
33,1953,16,0.0
34,1954,16,0.0
35,1955,16,0.0
36,1956,16,0.0
37,1957,16,0.0
38,1958,16,0.0
39,1959,16,0.0
40,1960,16,0.0
41,1961,16,0.0
42,1962,16,0.0
43,1963,16,0.0
44,1964,16,0.0
45,1965,16,0.0
46,1966,16,0.0
47,1967,16,0.0
48,1968,16,0.0
49,1969,16,0.0
50,1970,16,0.0
51,1971,16,0.0
52,1972,16,0.0
53,1973,16,0.0
54,1974,16,0.0
55,1975,16,0.0
56,1976,16,0.0
57,1977,16,0.0
58,1978,16,0.0
59,1979,16,0.0
60,1980,16,0.0
61,1981,16,0.01
62,1982,16,0.01
63,1983,16,0.0
64,1984,16,0.0
65,1985,16,0.0
66,1986,16,0.0
67,1987,16,0.0
68,1988,16,0.0
69,1989,16,0.0
70,1990,16,0.0
71,1991,16,0.0
72,1992,16,0.0
73,1993,16,0.0
74,1994,16,0.0
75,1995,16,0.0
76,1996,16,0.0
77,1997,16,0.0
78,1998,16,0.0
79,1999,16,0.0
80,2000,16,0.0
81,2001,16,0.0
82,2002,16,0.0
83,2003,16,0.0
84,2004,16,0.0
85,1920,17,0.0
86,1921,17,0.0
87,1922,17,0.0
88,1923,17,0.0
89,1924,17,0.0
90,1925,17,0.0
91,1926,17,0.0
92,1927,17,0.0
93,1928,17,0.0
94,1929,17,0.0
95,1930,17,0.0
96,1931,17,0.0
97,1932,17,0.0
98,1933,17,0.0
99,1934,17,0.0
100,1935,17,0.0
101,1936,17,0.0
102,1937,17,0.0
103,1938,17,0.0
104,1939,17,0.0
105,1940,17,0.01
106,1941,17,0.01
107,1942,17,0.01
108,1943,17,0.01
109,1944,17,0.01
110,1945,17,0.01
111,1946,17,0.01
112,1947,17,0.01
113,1948,17,0.02
114,1949,17,0.02
115,1950,17,0.02
116,1951,17,0.02
117,1952,17,0.02
118,1953,17,0.02
119,1954,17,0.02
120,1955,17,0.02
121,1956,17,0.02
122,1957,17,0.02
123,1958,17,0.02
124,1959,17,0.02
125,1960,17,0.02
126,1961,17,0.02
127,1962,17,0.01
128,1963,17,0.01
129,1964,17,0.01
130,1965,17,0.01
131,1966,17,0.01
132,1967,17,0.01
133,1968,17,0.01
134,1969,17,0.02
135,1970,17,0.02
136,1971,17,0.02
137,1972,17,0.02
138,1973,17,0.02
139,1974,17,0.02
140,1975,17,0.02
141,1976,17,0.02
142,1977,17,0.02
143,1978,17,0.02
144,1979,17,0.02
145,1980,17,0.02
146,1981,17,0.02
147,1982,17,0.02
148,1983,17,0.02
149,1984,17,0.02
150,1985,17,0.02
151,1986,17,0.02
152,1987,17,0.02
153,1988,17,0.01
154,1989,17,0.01
155,1990,17,0.01
156,1991,17,0.01
157,1992,17,0.01
158,1993,17,0.01
159,1994,17,0.01
160,1995,17,0.01
161,1996,17,0.01
162,1997,17,0.01
163,1998,17,0.01
164,1999,17,0.01
165,2000,17,0.01
166,2001,17,0.01
167,2002,17,0.0
168,2003,17,0.0
169,2004,17,
170,1920,18,0.01
171,1921,18,0.01
172,1922,18,0.01
173,1923,18,0.01
174,1924,18,0.01
175,1925,18,0.01
176,1926,18,0.01
177,1927,18,0.01
178,1928,18,0.02
179,1929,18,0.01
180,1930,18,0.01
181,1931,18,0.02
182,1932,18,0.02
183,1933,18,0.02
184,1934,18,0.02
185,1935,18,0.02
186,1936,18,0.02
187,1937,18,0.02
188,1938,18,0.02
189,1939,18,0.02
190,1940,18,0.03
191,1941,18,0.03
192,1942,18,0.03
193,1943,18,0.04
194,1944,18,0.04
195,1945,18,0.05
196,1946,18,0.05
197,1947,18,0.05
198,1948,18,0.05
199,1949,18,0.05
200,1950,18,0.06
201,1951,18,0.06
202,1952,18,0.07
203,1953,18,0.07
204,1954,18,0.07
205,1955,18,0.07
206,1956,18,0.07
207,1957,18,0.06
208,1958,18,0.06
209,1959,18,0.05
210,1960,18,0.04
211,1961,18,0.04
212,1962,18,0.04
213,1963,18,0.04
214,1964,18,0.04
215,1965,18,0.04
216,1966,18,0.04
217,1967,18,0.04
218,1968,18,0.04
219,1969,18,0.04
220,1970,18,0.04
221,1971,18,0.05
222,1972,18,0.05
223,1973,18,0.05
224,1974,18,0.05
225,1975,18,0.05
226,1976,18,0.05
227,1977,18,0.05
228,1978,18,0.05
229,1979,18,0.05
230,1980,18,0.05
231,1981,18,0.05
232,1982,18,0.05
233,1983,18,0.05
234,1984,18,0.04
235,1985,18,0.04
236,1986,18,0.04
237,1987,18,0.04
238,1988,18,0.04
239,1989,18,0.04
240,1990,18,0.04
241,1991,18,0.04
242,1992,18,0.03
243,1993,18,0.03
244,1994,18,0.03
245,1995,18,0.03
246,1996,18,0.03
247,1997,18,0.02
248,1998,18,0.02
249,1999,18,0.02
250,2000,18,0.02
251,2001,18,0.01
252,2002,18,0.01
253,2003,18,
254,2004,18,
255,1920,19,0.04
256,1921,19,0.04
257,1922,19,0.03
258,1923,19,0.03
259,1924,19,0.03
260,1925,19,0.03
261,1926,19,0.04
262,1927,19,0.04
263,1928,19,0.04
264,1929,19,0.04
265,1930,19,0.04
266,1931,19,0.05
267,1932,19,0.05
268,1933,19,0.05
269,1934,19,0.05
270,1935,19,0.05
271,1936,19,0.05
272,1937,19,0.05
273,1938,19,0.06
274,1939,19,0.07
275,1940,19,0.07
276,1941,19,0.08
277,1942,19,0.08
278,1943,19,0.09
279,1944,19,0.1
280,1945,19,0.11
281,1946,19,0.12
282,1947,19,0.12
283,1948,19,0.12
284,1949,19,0.13
285,1950,19,0.13
286,1951,19,0.14
287,1952,19,0.14
288,1953,19,0.14
289,1954,19,0.14
290,1955,19,0.14
291,1956,19,0.13
292,1957,19,0.12
293,1958,19,0.11
294,1959,19,0.09
295,1960,19,0.09
296,1961,19,0.09
297,1962,19,0.09
298,1963,19,0.08
299,1964,19,0.08
300,1965,19,0.08
301,1966,19,0.08
302,1967,19,0.08
303,1968,19,0.09
304,1969,19,0.09
305,1970,19,0.09
306,1971,19,0.09
307,1972,19,0.09
308,1973,19,0.09
309,1974,19,0.09
310,1975,19,0.09
311,1976,19,0.09
312,1977,19,0.09
313,1978,19,0.09
314,1979,19,0.09
315,1980,19,0.1
316,1981,19,0.1
317,1982,19,0.09
318,1983,19,0.09
319,1984,19,0.09
320,1985,19,0.08
321,1986,19,0.08
322,1987,19,0.08
323,1988,19,0.08
324,1989,19,0.08
325,1990,19,0.08
326,1991,19,0.07
327,1992,19,0.07
328,1993,19,0.06
329,1994,19,0.06
330,1995,19,0.05
331,1996,19,0.05
332,1997,19,0.04
333,1998,19,0.04
334,1999,19,0.04
335,2000,19,0.03
336,2001,19,0.03
337,2002,19,
338,2003,19,
339,2004,19,
340,1920,20,0.08
341,1921,20,0.08
342,1922,20,0.07
343,1923,20,0.07
344,1924,20,0.07
345,1925,20,0.08
346,1926,20,0.08
347,1927,20,0.08
348,1928,20,0.09
349,1929,20,0.1
350,1930,20,0.1
351,1931,20,0.11
352,1932,20,0.11
353,1933,20,0.11
354,1934,20,0.11
355,1935,20,0.11
356,1936,20,0.12
357,1937,20,0.12
358,1938,20,0.13
359,1939,20,0.14
360,1940,20,0.16
361,1941,20,0.17
362,1942,20,0.18
363,1943,20,0.19
364,1944,20,0.2
365,1945,20,0.22
366,1946,20,0.22
367,1947,20,0.22
368,1948,20,0.22
369,1949,20,0.23
370,1950,20,0.23
371,1951,20,0.24
372,1952,20,0.25
373,1953,20,0.24
374,1954,20,0.23
375,1955,20,0.22
376,1956,20,0.2
377,1957,20,0.19
378,1958,20,0.17
379,1959,20,0.16
380,1960,20,0.15
381,1961,20,0.16
382,1962,20,0.15
383,1963,20,0.14
384,1964,20,0.13
385,1965,20,0.13
386,1966,20,0.13
387,1967,20,0.14
388,1968,20,0.15
389,1969,20,0.15
390,1970,20,0.15
391,1971,20,0.15
392,1972,20,0.15
393,1973,20,0.15
394,1974,20,0.15
395,1975,20,0.15
396,1976,20,0.15
397,1977,20,0.15
398,1978,20,0.15
399,1979,20,0.15
400,1980,20,0.15
401,1981,20,0.15
402,1982,20,0.15
403,1983,20,0.14
404,1984,20,0.14
405,1985,20,0.14
406,1986,20,0.14
407,1987,20,0.14
408,1988,20,0.13
409,1989,20,0.13
410,1990,20,0.13
411,1991,20,0.12
412,1992,20,0.11
413,1993,20,0.11
414,1994,20,0.09
415,1995,20,0.09
416,1996,20,0.08
417,1997,20,0.07
418,1998,20,0.07
419,1999,20,0.06
420,2000,20,0.06
421,2001,20,
422,2002,20,
423,2003,20,
424,2004,20,
425,1920,21,0.13
426,1921,21,0.14
427,1922,21,0.14
428,1923,21,0.14
429,1924,21,0.14
430,1925,21,0.14
431,1926,21,0.15
432,1927,21,0.17
433,1928,21,0.18
434,1929,21,0.19
435,1930,21,0.19
436,1931,21,0.19
437,1932,21,0.19
438,1933,21,0.2
439,1934,21,0.2
440,1935,21,0.2
441,1936,21,0.22
442,1937,21,0.23
443,1938,21,0.25
444,1939,21,0.26
445,1940,21,0.28
446,1941,21,0.3
447,1942,21,0.31
448,1943,21,0.32
449,1944,21,0.34
450,1945,21,0.35
451,1946,21,0.36
452,1947,21,0.34
453,1948,21,0.35
454,1949,21,0.35
455,1950,21,0.36
456,1951,21,0.36
457,1952,21,0.36
458,1953,21,0.35
459,1954,21,0.33
460,1955,21,0.31
461,1956,21,0.29
462,1957,21,0.27
463,1958,21,0.25
464,1959,21,0.24
465,1960,21,0.24
466,1961,21,0.23
467,1962,21,0.23
468,1963,21,0.21
469,1964,21,0.2
470,1965,21,0.2
471,1966,21,0.2
472,1967,21,0.21
473,1968,21,0.22
474,1969,21,0.22
475,1970,21,0.22
476,1971,21,0.22
477,1972,21,0.22
478,1973,21,0.22
479,1974,21,0.22
480,1975,21,0.21
481,1976,21,0.21
482,1977,21,0.22
483,1978,21,0.21
484,1979,21,0.22
485,1980,21,0.22
486,1981,21,0.22
487,1982,21,0.21
488,1983,21,0.21
489,1984,21,0.2
490,1985,21,0.2
491,1986,21,0.2
492,1987,21,0.2
493,1988,21,0.2
494,1989,21,0.19
495,1990,21,0.19
496,1991,21,0.17
497,1992,21,0.16
498,1993,21,0.15
499,1994,21,0.14
500,1995,21,0.13
501,1996,21,0.12
502,1997,21,0.11
503,1998,21,0.1
504,1999,21,0.1
505,2000,21,
506,2001,21,
507,2002,21,
508,2003,21,
509,2004,21,
510,1920,22,0.22
511,1921,22,0.23
512,1922,22,0.23
513,1923,22,0.23
514,1924,22,0.24
515,1925,22,0.24
516,1926,22,0.28
517,1927,22,0.29
518,1928,22,0.3
519,1929,22,0.31
520,1930,22,0.31
521,1931,22,0.31
522,1932,22,0.32
523,1933,22,0.32
524,1934,22,0.33
525,1935,22,0.34
526,1936,22,0.36
527,1937,22,0.38
528,1938,22,0.4
529,1939,22,0.42
530,1940,22,0.44
531,1941,22,0.47
532,1942,22,0.48
533,1943,22,0.49
534,1944,22,0.5
535,1945,22,0.52
536,1946,22,0.52
537,1947,22,0.49
538,1948,22,0.5
539,1949,22,0.5
540,1950,22,0.5
541,1951,22,0.49
542,1952,22,0.48
543,1953,22,0.46
544,1954,22,0.44
545,1955,22,0.41
546,1956,22,0.39
547,1957,22,0.37
548,1958,22,0.35
549,1959,22,0.34
550,1960,22,0.34
551,1961,22,0.32
552,1962,22,0.31
553,1963,22,0.3
554,1964,22,0.29
555,1965,22,0.28
556,1966,22,0.29
557,1967,22,0.3
558,1968,22,0.3
559,1969,22,0.31
560,1970,22,0.3
561,1971,22,0.3
562,1972,22,0.3
563,1973,22,0.29
564,1974,22,0.28
565,1975,22,0.28
566,1976,22,0.28
567,1977,22,0.28
568,1978,22,0.28
569,1979,22,0.28
570,1980,22,0.28
571,1981,22,0.28
572,1982,22,0.28
573,1983,22,0.27
574,1984,22,0.27
575,1985,22,0.26
576,1986,22,0.27
577,1987,22,0.27
578,1988,22,0.26
579,1989,22,0.26
580,1990,22,0.25
581,1991,22,0.23
582,1992,22,0.22
583,1993,22,0.2
584,1994,22,0.19
585,1995,22,0.18
586,1996,22,0.16
587,1997,22,0.15
588,1998,22,0.14
589,1999,22,
590,2000,22,
591,2001,22,
592,2002,22,
593,2003,22,
594,2004,22,
595,1920,23,0.32
596,1921,23,0.34
597,1922,23,0.34
598,1923,23,0.34
599,1924,23,0.36
600,1925,23,0.39
601,1926,23,0.42
602,1927,23,0.43
603,1928,23,0.44
604,1929,23,0.44
605,1930,23,0.45
606,1931,23,0.45
607,1932,23,0.46
608,1933,23,0.47
609,1934,23,0.49
610,1935,23,0.5
611,1936,23,0.53
612,1937,23,0.55
613,1938,23,0.57
614,1939,23,0.6
615,1940,23,0.63
616,1941,23,0.66
617,1942,23,0.67
618,1943,23,0.67
619,1944,23,0.69
620,1945,23,0.69
621,1946,23,0.69
622,1947,23,0.65
623,1948,23,0.66
624,1949,23,0.65
625,1950,23,0.64
626,1951,23,0.62
627,1952,23,0.61
628,1953,23,0.58
629,1954,23,0.55
630,1955,23,0.52
631,1956,23,0.5
632,1957,23,0.49
633,1958,23,0.47
634,1959,23,0.45
635,1960,23,0.44
636,1961,23,0.42
637,1962,23,0.41
638,1963,23,0.39
639,1964,23,0.38
640,1965,23,0.38
641,1966,23,0.38
642,1967,23,0.39
643,1968,23,0.4
644,1969,23,0.39
645,1970,23,0.39
646,1971,23,0.38
647,1972,23,0.37
648,1973,23,0.36
649,1974,23,0.36
650,1975,23,0.35
651,1976,23,0.36
652,1977,23,0.36
653,1978,23,0.35
654,1979,23,0.35
655,1980,23,0.35
656,1981,23,0.35
657,1982,23,0.35
658,1983,23,0.35
659,1984,23,0.34
660,1985,23,0.34
661,1986,23,0.34
662,1987,23,0.34
663,1988,23,0.34
664,1989,23,0.33
665,1990,23,0.32
666,1991,23,0.3
667,1992,23,0.28
668,1993,23,0.26
669,1994,23,0.24
670,1995,23,0.23
671,1996,23,0.21
672,1997,23,0.2
673,1998,23,
674,1999,23,
675,2000,23,
676,2001,23,
677,2002,23,
678,2003,23,
679,2004,23,
680,1920,24,0.44
681,1921,24,0.46
682,1922,24,0.46
683,1923,24,0.48
684,1924,24,0.53
685,1925,24,0.55
686,1926,24,0.57
687,1927,24,0.57
688,1928,24,0.58
689,1929,24,0.59
690,1930,24,0.6
691,1931,24,0.61
692,1932,24,0.61
693,1933,24,0.63
694,1934,24,0.66
695,1935,24,0.68
696,1936,24,0.71
697,1937,24,0.73
698,1938,24,0.76
699,1939,24,0.8
700,1940,24,0.83
701,1941,24,0.87
702,1942,24,0.87
703,1943,24,0.87
704,1944,24,0.87
705,1945,24,0.88
706,1946,24,0.86
707,1947,24,0.82
708,1948,24,0.83
709,1949,24,0.8
710,1950,24,0.78
711,1951,24,0.76
712,1952,24,0.73
713,1953,24,0.7
714,1954,24,0.66
715,1955,24,0.64
716,1956,24,0.62
717,1957,24,0.61
718,1958,24,0.58
719,1959,24,0.56
720,1960,24,0.55
721,1961,24,0.53
722,1962,24,0.52
723,1963,24,0.5
724,1964,24,0.48
725,1965,24,0.48
726,1966,24,0.48
727,1967,24,0.49
728,1968,24,0.49
729,1969,24,0.49
730,1970,24,0.48
731,1971,24,0.47
732,1972,24,0.45
733,1973,24,0.44
734,1974,24,0.44
735,1975,24,0.43
736,1976,24,0.44
737,1977,24,0.43
738,1978,24,0.42
739,1979,24,0.43
740,1980,24,0.43
741,1981,24,0.43
742,1982,24,0.43
743,1983,24,0.42
744,1984,24,0.42
745,1985,24,0.41
746,1986,24,0.42
747,1987,24,0.42
748,1988,24,0.42
749,1989,24,0.41
750,1990,24,0.4
751,1991,24,0.36
752,1992,24,0.34
753,1993,24,0.32
754,1994,24,0.3
755,1995,24,0.29
756,1996,24,0.27
757,1997,24,
758,1998,24,
759,1999,24,
760,2000,24,
761,2001,24,
762,2002,24,
763,2003,24,
764,2004,24,
765,1920,25,0.57
766,1921,25,0.58
767,1922,25,0.61
768,1923,25,0.67
769,1924,25,0.69
770,1925,25,0.7
771,1926,25,0.72
772,1927,25,0.72
773,1928,25,0.74
774,1929,25,0.75
775,1930,25,0.76
776,1931,25,0.77
777,1932,25,0.78
778,1933,25,0.81
779,1934,25,0.85
780,1935,25,0.87
781,1936,25,0.9
782,1937,25,0.93
783,1938,25,0.97
784,1939,25,1.0
785,1940,25,1.05
786,1941,25,1.08
787,1942,25,1.07
788,1943,25,1.06
789,1944,25,1.06
790,1945,25,1.06
791,1946,25,1.04
792,1947,25,0.99
793,1948,25,0.99
794,1949,25,0.95
795,1950,25,0.92
796,1951,25,0.89
797,1952,25,0.86
798,1953,25,0.82
799,1954,25,0.79
800,1955,25,0.77
801,1956,25,0.76
802,1957,25,0.74
803,1958,25,0.71
804,1959,25,0.69
805,1960,25,0.68
806,1961,25,0.65
807,1962,25,0.63
808,1963,25,0.61
809,1964,25,0.6
810,1965,25,0.59
811,1966,25,0.59
812,1967,25,0.6
813,1968,25,0.6
814,1969,25,0.59
815,1970,25,0.58
816,1971,25,0.56
817,1972,25,0.54
818,1973,25,0.53
819,1974,25,0.53
820,1975,25,0.51
821,1976,25,0.51
822,1977,25,0.51
823,1978,25,0.5
824,1979,25,0.5
825,1980,25,0.51
826,1981,25,0.51
827,1982,25,0.51
828,1983,25,0.5
829,1984,25,0.5
830,1985,25,0.5
831,1986,25,0.51
832,1987,25,0.51
833,1988,25,0.51
834,1989,25,0.49
835,1990,25,0.47
836,1991,25,0.44
837,1992,25,0.41
838,1993,25,0.39
839,1994,25,0.37
840,1995,25,0.35
841,1996,25,
842,1997,25,
843,1998,25,
844,1999,25,
845,2000,25,
846,2001,25,
847,2002,25,
848,2003,25,
849,2004,25,
850,1920,26,0.69
851,1921,26,0.74
852,1922,26,0.79
853,1923,26,0.82
854,1924,26,0.85
855,1925,26,0.85
856,1926,26,0.87
857,1927,26,0.87
858,1928,26,0.89
859,1929,26,0.9
860,1930,26,0.93
861,1931,26,0.94
862,1932,26,0.96
863,1933,26,1.0
864,1934,26,1.04
865,1935,26,1.07
866,1936,26,1.1
867,1937,26,1.13
868,1938,26,1.18
869,1939,26,1.22
870,1940,26,1.26
871,1941,26,1.28
872,1942,26,1.27
873,1943,26,1.25
874,1944,26,1.24
875,1945,26,1.23
876,1946,26,1.22
877,1947,26,1.14
878,1948,26,1.14
879,1949,26,1.09
880,1950,26,1.06
881,1951,26,1.02
882,1952,26,0.99
883,1953,26,0.96
884,1954,26,0.93
885,1955,26,0.92
886,1956,26,0.9
887,1957,26,0.88
888,1958,26,0.84
889,1959,26,0.82
890,1960,26,0.81
891,1961,26,0.78
892,1962,26,0.76
893,1963,26,0.73
894,1964,26,0.71
895,1965,26,0.71
896,1966,26,0.71
897,1967,26,0.71
898,1968,26,0.71
899,1969,26,0.69
900,1970,26,0.67
901,1971,26,0.65
902,1972,26,0.63
903,1973,26,0.62
904,1974,26,0.61
905,1975,26,0.6
906,1976,26,0.6
907,1977,26,0.59
908,1978,26,0.58
909,1979,26,0.59
910,1980,26,0.59
911,1981,26,0.59
912,1982,26,0.6
913,1983,26,0.6
914,1984,26,0.59
915,1985,26,0.59
916,1986,26,0.6
917,1987,26,0.6
918,1988,26,0.59
919,1989,26,0.58
920,1990,26,0.56
921,1991,26,0.52
922,1992,26,0.49
923,1993,26,0.47
924,1994,26,0.44
925,1995,26,
926,1996,26,
927,1997,26,
928,1998,26,
929,1999,26,
930,2000,26,
931,2001,26,
932,2002,26,
933,2003,26,
934,2004,26,
935,1920,27,0.85
936,1921,27,0.93
937,1922,27,0.94
938,1923,27,0.97
939,1924,27,0.99
940,1925,27,0.99
941,1926,27,1.01
942,1927,27,1.02
943,1928,27,1.04
944,1929,27,1.05
945,1930,27,1.09
946,1931,27,1.11
947,1932,27,1.13
948,1933,27,1.18
949,1934,27,1.23
950,1935,27,1.26
951,1936,27,1.29
952,1937,27,1.33
953,1938,27,1.38
954,1939,27,1.41
955,1940,27,1.45
956,1941,27,1.46
957,1942,27,1.44
958,1943,27,1.42
959,1944,27,1.41
960,1945,27,1.4
961,1946,27,1.38
962,1947,27,1.29
963,1948,27,1.28
964,1949,27,1.23
965,1950,27,1.19
966,1951,27,1.14
967,1952,27,1.12
968,1953,27,1.1
969,1954,27,1.07
970,1955,27,1.05
971,1956,27,1.03
972,1957,27,1.01
973,1958,27,0.98
974,1959,27,0.95
975,1960,27,0.93
976,1961,27,0.91
977,1962,27,0.88
978,1963,27,0.86
979,1964,27,0.84
980,1965,27,0.83
981,1966,27,0.82
982,1967,27,0.82
983,1968,27,0.82
984,1969,27,0.8
985,1970,27,0.78
986,1971,27,0.75
987,1972,27,0.73
988,1973,27,0.71
989,1974,27,0.7
990,1975,27,0.69
991,1976,27,0.68
992,1977,27,0.68
993,1978,27,0.67
994,1979,27,0.68
995,1980,27,0.68
996,1981,27,0.69
997,1982,27,0.69
998,1983,27,0.69
999,1984,27,0.69
1000,1985,27,0.69
1001,1986,27,0.7
1002,1987,27,0.7
1003,1988,27,0.69
1004,1989,27,0.67
1005,1990,27,0.65
1006,1991,27,0.6
1007,1992,27,0.57
1008,1993,27,0.55
1009,1994,27,
1010,1995,27,
1011,1996,27,
1012,1997,27,
1013,1998,27,
1014,1999,27,
1015,2000,27,
1016,2001,27,
1017,2002,27,
1018,2003,27,
1019,2004,27,
1020,1920,28,1.01
1021,1921,28,1.07
1022,1922,28,1.08
1023,1923,28,1.11
1024,1924,28,1.13
1025,1925,28,1.13
1026,1926,28,1.16
1027,1927,28,1.17
1028,1928,28,1.18
1029,1929,28,1.2
1030,1930,28,1.25
1031,1931,28,1.27
1032,1932,28,1.29
1033,1933,28,1.35
1034,1934,28,1.41
1035,1935,28,1.45
1036,1936,28,1.48
1037,1937,28,1.52
1038,1938,28,1.56
1039,1939,28,1.58
1040,1940,28,1.61
1041,1941,28,1.63
1042,1942,28,1.6
1043,1943,28,1.57
1044,1944,28,1.56
1045,1945,28,1.55
1046,1946,28,1.52
1047,1947,28,1.42
1048,1948,28,1.41
1049,1949,28,1.35
1050,1950,28,1.31
1051,1951,28,1.27
1052,1952,28,1.26
1053,1953,28,1.24
1054,1954,28,1.2
1055,1955,28,1.18
1056,1956,28,1.16
1057,1957,28,1.14
1058,1958,28,1.11
1059,1959,28,1.08
1060,1960,28,1.06
1061,1961,28,1.03
1062,1962,28,1.01
1063,1963,28,0.98
1064,1964,28,0.96
1065,1965,28,0.95
1066,1966,28,0.94
1067,1967,28,0.94
1068,1968,28,0.93
1069,1969,28,0.91
1070,1970,28,0.88
1071,1971,28,0.86
1072,1972,28,0.83
1073,1973,28,0.81
1074,1974,28,0.8
1075,1975,28,0.78
1076,1976,28,0.78
1077,1977,28,0.77
1078,1978,28,0.77
1079,1979,28,0.78
1080,1980,28,0.78
1081,1981,28,0.79
1082,1982,28,0.8
1083,1983,28,0.8
1084,1984,28,0.8
1085,1985,28,0.8
1086,1986,28,0.8
1087,1987,28,0.8
1088,1988,28,0.79
1089,1989,28,0.78
1090,1990,28,0.75
1091,1991,28,0.7
1092,1992,28,0.66
1093,1993,28,
1094,1994,28,
1095,1995,28,
1096,1996,28,
1097,1997,28,
1098,1998,28,
1099,1999,28,
1100,2000,28,
1101,2001,28,
1102,2002,28,
1103,2003,28,
1104,2004,28,
1105,1920,29,1.15
1106,1921,29,1.21
1107,1922,29,1.21
1108,1923,29,1.24
1109,1924,29,1.25
1110,1925,29,1.26
1111,1926,29,1.29
1112,1927,29,1.3
1113,1928,29,1.33
1114,1929,29,1.35
1115,1930,29,1.41
1116,1931,29,1.42
1117,1932,29,1.45
1118,1933,29,1.51
1119,1934,29,1.58
1120,1935,29,1.62
1121,1936,29,1.65
1122,1937,29,1.69
1123,1938,29,1.72
1124,1939,29,1.74
1125,1940,29,1.77
1126,1941,29,1.77
1127,1942,29,1.74
1128,1943,29,1.71
1129,1944,29,1.69
1130,1945,29,1.67
1131,1946,29,1.64
1132,1947,29,1.53
1133,1948,29,1.52
1134,1949,29,1.47
1135,1950,29,1.43
1136,1951,29,1.4
1137,1952,29,1.39
1138,1953,29,1.36
1139,1954,29,1.32
1140,1955,29,1.31
1141,1956,29,1.28
1142,1957,29,1.27
1143,1958,29,1.23
1144,1959,29,1.2
1145,1960,29,1.19
1146,1961,29,1.16
1147,1962,29,1.13
1148,1963,29,1.1
1149,1964,29,1.08
1150,1965,29,1.06
1151,1966,29,1.06
1152,1967,29,1.05
1153,1968,29,1.04
1154,1969,29,1.02
1155,1970,29,0.99
1156,1971,29,0.96
1157,1972,29,0.93
1158,1973,29,0.9
1159,1974,29,0.89
1160,1975,29,0.88
1161,1976,29,0.88
1162,1977,29,0.87
1163,1978,29,0.87
1164,1979,29,0.88
1165,1980,29,0.89
1166,1981,29,0.9
1167,1982,29,0.91
1168,1983,29,0.91
1169,1984,29,0.91
1170,1985,29,0.9
1171,1986,29,0.91
1172,1987,29,0.91
1173,1988,29,0.9
1174,1989,29,0.88
1175,1990,29,0.85
1176,1991,29,0.79
1177,1992,29,
1178,1993,29,
1179,1994,29,
1180,1995,29,
1181,1996,29,
1182,1997,29,
1183,1998,29,
1184,1999,29,
1185,2000,29,
1186,2001,29,
1187,2002,29,
1188,2003,29,
1189,2004,29,
1190,1920,30,1.27
1191,1921,30,1.33
1192,1922,30,1.33
1193,1923,30,1.36
1194,1924,30,1.37
1195,1925,30,1.37
1196,1926,30,1.41
1197,1927,30,1.43
1198,1928,30,1.46
1199,1929,30,1.49
1200,1930,30,1.55
1201,1931,30,1.57
1202,1932,30,1.59
1203,1933,30,1.66
1204,1934,30,1.73
1205,1935,30,1.78
1206,1936,30,1.8
1207,1937,30,1.83
1208,1938,30,1.86
1209,1939,30,1.87
1210,1940,30,1.89
1211,1941,30,1.89
1212,1942,30,1.86
1213,1943,30,1.83
1214,1944,30,1.8
1215,1945,30,1.77
1216,1946,30,1.74
1217,1947,30,1.63
1218,1948,30,1.62
1219,1949,30,1.57
1220,1950,30,1.54
1221,1951,30,1.51
1222,1952,30,1.5
1223,1953,30,1.48
1224,1954,30,1.44
1225,1955,30,1.42
1226,1956,30,1.4
1227,1957,30,1.38
1228,1958,30,1.35
1229,1959,30,1.32
1230,1960,30,1.31
1231,1961,30,1.28
1232,1962,30,1.25
1233,1963,30,1.22
1234,1964,30,1.2
1235,1965,30,1.18
1236,1966,30,1.17
1237,1967,30,1.16
1238,1968,30,1.15
1239,1969,30,1.12
1240,1970,30,1.1
1241,1971,30,1.06
1242,1972,30,1.03
1243,1973,30,1.0
1244,1974,30,1.0
1245,1975,30,0.99
1246,1976,30,0.99
1247,1977,30,0.98
1248,1978,30,0.98
1249,1979,30,1.0
1250,1980,30,1.01
1251,1981,30,1.01
1252,1982,30,1.02
1253,1983,30,1.02
1254,1984,30,1.02
1255,1985,30,1.02
1256,1986,30,1.02
1257,1987,30,1.03
1258,1988,30,1.01
1259,1989,30,0.99
1260,1990,30,0.96
1261,1991,30,
1262,1992,30,
1263,1993,30,
1264,1994,30,
1265,1995,30,
1266,1996,30,
1267,1997,30,
1268,1998,30,
1269,1999,30,
1270,2000,30,
1271,2001,30,
1272,2002,30,
1273,2003,30,
1274,2004,30,
1275,1920,31,1.38
1276,1921,31,1.44
1277,1922,31,1.44
1278,1923,31,1.47
1279,1924,31,1.48
1280,1925,31,1.48
1281,1926,31,1.52
1282,1927,31,1.55
1283,1928,31,1.58
1284,1929,31,1.61
1285,1930,31,1.68
1286,1931,31,1.7
1287,1932,31,1.73
1288,1933,31,1.8
1289,1934,31,1.88
1290,1935,31,1.91
1291,1936,31,1.93
1292,1937,31,1.95
1293,1938,31,1.98
1294,1939,31,1.98
1295,1940,31,2.0
1296,1941,31,2.0
1297,1942,31,1.96
1298,1943,31,1.91
1299,1944,31,1.88
1300,1945,31,1.85
1301,1946,31,1.82
1302,1947,31,1.71
1303,1948,31,1.71
1304,1949,31,1.67
1305,1950,31,1.65
1306,1951,31,1.61
1307,1952,31,1.6
1308,1953,31,1.58
1309,1954,31,1.54
1310,1955,31,1.53
1311,1956,31,1.51
1312,1957,31,1.49
1313,1958,31,1.46
1314,1959,31,1.43
1315,1960,31,1.42
1316,1961,31,1.39
1317,1962,31,1.36
1318,1963,31,1.33
1319,1964,31,1.31
1320,1965,31,1.29
1321,1966,31,1.28
1322,1967,31,1.27
1323,1968,31,1.26
1324,1969,31,1.23
1325,1970,31,1.2
1326,1971,31,1.17
1327,1972,31,1.13
1328,1973,31,1.11
1329,1974,31,1.11
1330,1975,31,1.09
1331,1976,31,1.1
1332,1977,31,1.1
1333,1978,31,1.1
1334,1979,31,1.11
1335,1980,31,1.12
1336,1981,31,1.13
1337,1982,31,1.14
1338,1983,31,1.13
1339,1984,31,1.13
1340,1985,31,1.13
1341,1986,31,1.14
1342,1987,31,1.14
1343,1988,31,1.12
1344,1989,31,1.09
1345,1990,31,
1346,1991,31,
1347,1992,31,
1348,1993,31,
1349,1994,31,
1350,1995,31,
1351,1996,31,
1352,1997,31,
1353,1998,31,
1354,1999,31,
1355,2000,31,
1356,2001,31,
1357,2002,31,
1358,2003,31,
1359,2004,31,
1360,1920,32,1.47
1361,1921,32,1.53
1362,1922,32,1.53
1363,1923,32,1.56
1364,1924,32,1.57
1365,1925,32,1.58
1366,1926,32,1.62
1367,1927,32,1.65
1368,1928,32,1.69
1369,1929,32,1.72
1370,1930,32,1.8
1371,1931,32,1.82
1372,1932,32,1.84
1373,1933,32,1.92
1374,1934,32,1.99
1375,1935,32,2.01
1376,1936,32,2.03
1377,1937,32,2.05
1378,1938,32,2.07
1379,1939,32,2.07
1380,1940,32,2.09
1381,1941,32,2.08
1382,1942,32,2.03
1383,1943,32,1.98
1384,1944,32,1.95
1385,1945,32,1.92
1386,1946,32,1.89
1387,1947,32,1.78
1388,1948,32,1.8
1389,1949,32,1.76
1390,1950,32,1.73
1391,1951,32,1.69
1392,1952,32,1.69
1393,1953,32,1.67
1394,1954,32,1.63
1395,1955,32,1.62
1396,1956,32,1.6
1397,1957,32,1.59
1398,1958,32,1.55
1399,1959,32,1.53
1400,1960,32,1.52
1401,1961,32,1.49
1402,1962,32,1.46
1403,1963,32,1.43
1404,1964,32,1.41
1405,1965,32,1.39
1406,1966,32,1.38
1407,1967,32,1.37
1408,1968,32,1.36
1409,1969,32,1.33
1410,1970,32,1.3
1411,1971,32,1.26
1412,1972,32,1.23
1413,1973,32,1.22
1414,1974,32,1.22
1415,1975,32,1.21
1416,1976,32,1.22
1417,1977,32,1.22
1418,1978,32,1.22
1419,1979,32,1.23
1420,1980,32,1.24
1421,1981,32,1.25
1422,1982,32,1.26
1423,1983,32,1.25
1424,1984,32,1.25
1425,1985,32,1.25
1426,1986,32,1.25
1427,1987,32,1.25
1428,1988,32,1.23
1429,1989,32,
1430,1990,32,
1431,1991,32,
1432,1992,32,
1433,1993,32,
1434,1994,32,
1435,1995,32,
1436,1996,32,
1437,1997,32,
1438,1998,32,
1439,1999,32,
1440,2000,32,
1441,2001,32,
1442,2002,32,
1443,2003,32,
1444,2004,32,
1445,1920,33,1.56
1446,1921,33,1.62
1447,1922,33,1.62
1448,1923,33,1.65
1449,1924,33,1.66
1450,1925,33,1.67
1451,1926,33,1.72
1452,1927,33,1.74
1453,1928,33,1.79
1454,1929,33,1.82
1455,1930,33,1.91
1456,1931,33,1.93
1457,1932,33,1.95
1458,1933,33,2.02
1459,1934,33,2.08
1460,1935,33,2.11
1461,1936,33,2.12
1462,1937,33,2.13
1463,1938,33,2.15
1464,1939,33,2.15
1465,1940,33,2.16
1466,1941,33,2.14
1467,1942,33,2.09
1468,1943,33,2.04
1469,1944,33,2.0
1470,1945,33,1.97
1471,1946,33,1.95
1472,1947,33,1.85
1473,1948,33,1.86
1474,1949,33,1.82
1475,1950,33,1.8
1476,1951,33,1.77
1477,1952,33,1.76
1478,1953,33,1.74
1479,1954,33,1.71
1480,1955,33,1.7
1481,1956,33,1.68
1482,1957,33,1.67
1483,1958,33,1.64
1484,1959,33,1.62
1485,1960,33,1.6
1486,1961,33,1.57
1487,1962,33,1.55
1488,1963,33,1.52
1489,1964,33,1.5
1490,1965,33,1.48
1491,1966,33,1.47
1492,1967,33,1.46
1493,1968,33,1.45
1494,1969,33,1.42
1495,1970,33,1.39
1496,1971,33,1.36
1497,1972,33,1.33
1498,1973,33,1.32
1499,1974,33,1.33
1500,1975,33,1.32
1501,1976,33,1.33
1502,1977,33,1.33
1503,1978,33,1.33
1504,1979,33,1.35
1505,1980,33,1.36
1506,1981,33,1.36
1507,1982,33,1.37
1508,1983,33,1.37
1509,1984,33,1.37
1510,1985,33,1.36
1511,1986,33,1.36
1512,1987,33,1.36
1513,1988,33,
1514,1989,33,
1515,1990,33,
1516,1991,33,
1517,1992,33,
1518,1993,33,
1519,1994,33,
1520,1995,33,
1521,1996,33,
1522,1997,33,
1523,1998,33,
1524,1999,33,
1525,2000,33,
1526,2001,33,
1527,2002,33,
1528,2003,33,
1529,2004,33,
1530,1920,34,1.64
1531,1921,34,1.69
1532,1922,34,1.69
1533,1923,34,1.73
1534,1924,34,1.74
1535,1925,34,1.75
1536,1926,34,1.8
1537,1927,34,1.83
1538,1928,34,1.88
1539,1929,34,1.91
1540,1930,34,2.0
1541,1931,34,2.02
1542,1932,34,2.04
1543,1933,34,2.11
1544,1934,34,2.16
1545,1935,34,2.18
1546,1936,34,2.19
1547,1937,34,2.2
1548,1938,34,2.21
1549,1939,34,2.2
1550,1940,34,2.21
1551,1941,34,2.19
1552,1942,34,2.13
1553,1943,34,2.08
1554,1944,34,2.04
1555,1945,34,2.02
1556,1946,34,2.0
1557,1947,34,1.9
1558,1948,34,1.92
1559,1949,34,1.88
1560,1950,34,1.86
1561,1951,34,1.82
1562,1952,34,1.82
1563,1953,34,1.81
1564,1954,34,1.77
1565,1955,34,1.76
1566,1956,34,1.75
1567,1957,34,1.74
1568,1958,34,1.71
1569,1959,34,1.69
1570,1960,34,1.68
1571,1961,34,1.65
1572,1962,34,1.62
1573,1963,34,1.6
1574,1964,34,1.58
1575,1965,34,1.56
1576,1966,34,1.55
1577,1967,34,1.54
1578,1968,34,1.53
1579,1969,34,1.5
1580,1970,34,1.48
1581,1971,34,1.46
1582,1972,34,1.43
1583,1973,34,1.42
1584,1974,34,1.43
1585,1975,34,1.42
1586,1976,34,1.43
1587,1977,34,1.44
1588,1978,34,1.44
1589,1979,34,1.46
1590,1980,34,1.46
1591,1981,34,1.47
1592,1982,34,1.48
1593,1983,34,1.47
1594,1984,34,1.48
1595,1985,34,1.47
1596,1986,34,1.46
1597,1987,34,
1598,1988,34,
1599,1989,34,
1600,1990,34,
1601,1991,34,
1602,1992,34,
1603,1993,34,
1604,1994,34,
1605,1995,34,
1606,1996,34,
1607,1997,34,
1608,1998,34,
1609,1999,34,
1610,2000,34,
1611,2001,34,
1612,2002,34,
1613,2003,34,
1614,2004,34,
1615,1920,35,1.7
1616,1921,35,1.76
1617,1922,35,1.76
1618,1923,35,1.8
1619,1924,35,1.81
1620,1925,35,1.82
1621,1926,35,1.87
1622,1927,35,1.91
1623,1928,35,1.95
1624,1929,35,1.99
1625,1930,35,2.08
1626,1931,35,2.1
1627,1932,35,2.11
1628,1933,35,2.18
1629,1934,35,2.23
1630,1935,35,2.24
1631,1936,35,2.25
1632,1937,35,2.25
1633,1938,35,2.26
1634,1939,35,2.24
1635,1940,35,2.24
1636,1941,35,2.22
1637,1942,35,2.16
1638,1943,35,2.12
1639,1944,35,2.08
1640,1945,35,2.06
1641,1946,35,2.05
1642,1947,35,1.94
1643,1948,35,1.97
1644,1949,35,1.93
1645,1950,35,1.91
1646,1951,35,1.87
1647,1952,35,1.87
1648,1953,35,1.86
1649,1954,35,1.83
1650,1955,35,1.82
1651,1956,35,1.81
1652,1957,35,1.8
1653,1958,35,1.77
1654,1959,35,1.75
1655,1960,35,1.75
1656,1961,35,1.71
1657,1962,35,1.69
1658,1963,35,1.67
1659,1964,35,1.65
1660,1965,35,1.64
1661,1966,35,1.62
1662,1967,35,1.61
1663,1968,35,1.6
1664,1969,35,1.58
1665,1970,35,1.56
1666,1971,35,1.54
1667,1972,35,1.51
1668,1973,35,1.51
1669,1974,35,1.53
1670,1975,35,1.52
1671,1976,35,1.53
1672,1977,35,1.54
1673,1978,35,1.54
1674,1979,35,1.55
1675,1980,35,1.56
1676,1981,35,1.57
1677,1982,35,1.58
1678,1983,35,1.57
1679,1984,35,1.57
1680,1985,35,1.56
1681,1986,35,
1682,1987,35,
1683,1988,35,
1684,1989,35,
1685,1990,35,
1686,1991,35,
1687,1992,35,
1688,1993,35,
1689,1994,35,
1690,1995,35,
1691,1996,35,
1692,1997,35,
1693,1998,35,
1694,1999,35,
1695,2000,35,
1696,2001,35,
1697,2002,35,
1698,2003,35,
1699,2004,35,
1700,1920,36,1.76
1701,1921,36,1.82
1702,1922,36,1.82
1703,1923,36,1.86
1704,1924,36,1.87
1705,1925,36,1.88
1706,1926,36,1.94
1707,1927,36,1.97
1708,1928,36,2.02
1709,1929,36,2.05
1710,1930,36,2.15
1711,1931,36,2.16
1712,1932,36,2.17
1713,1933,36,2.23
1714,1934,36,2.28
1715,1935,36,2.29
1716,1936,36,2.29
1717,1937,36,2.29
1718,1938,36,2.29
1719,1939,36,2.27
1720,1940,36,2.27
1721,1941,36,2.25
1722,1942,36,2.19
1723,1943,36,2.15
1724,1944,36,2.11
1725,1945,36,2.1
1726,1946,36,2.08
1727,1947,36,1.98
1728,1948,36,2.0
1729,1949,36,1.96
1730,1950,36,1.94
1731,1951,36,1.91
1732,1952,36,1.92
1733,1953,36,1.91
1734,1954,36,1.88
1735,1955,36,1.87
1736,1956,36,1.86
1737,1957,36,1.85
1738,1958,36,1.83
1739,1959,36,1.81
1740,1960,36,1.8
1741,1961,36,1.77
1742,1962,36,1.75
1743,1963,36,1.73
1744,1964,36,1.71
1745,1965,36,1.7
1746,1966,36,1.69
1747,1967,36,1.67
1748,1968,36,1.67
1749,1969,36,1.65
1750,1970,36,1.64
1751,1971,36,1.62
1752,1972,36,1.6
1753,1973,36,1.6
1754,1974,36,1.61
1755,1975,36,1.61
1756,1976,36,1.62
1757,1977,36,1.63
1758,1978,36,1.63
1759,1979,36,1.64
1760,1980,36,1.65
1761,1981,36,1.66
1762,1982,36,1.67
1763,1983,36,1.66
1764,1984,36,1.66
1765,1985,36,
1766,1986,36,
1767,1987,36,
1768,1988,36,
1769,1989,36,
1770,1990,36,
1771,1991,36,
1772,1992,36,
1773,1993,36,
1774,1994,36,
1775,1995,36,
1776,1996,36,
1777,1997,36,
1778,1998,36,
1779,1999,36,
1780,2000,36,
1781,2001,36,
1782,2002,36,
1783,2003,36,
1784,2004,36,
1785,1920,37,1.81
1786,1921,37,1.87
1787,1922,37,1.87
1788,1923,37,1.91
1789,1924,37,1.93
1790,1925,37,1.94
1791,1926,37,2.0
1792,1927,37,2.03
1793,1928,37,2.08
1794,1929,37,2.11
1795,1930,37,2.2
1796,1931,37,2.21
1797,1932,37,2.22
1798,1933,37,2.28
1799,1934,37,2.33
1800,1935,37,2.33
1801,1936,37,2.33
1802,1937,37,2.32
1803,1938,37,2.32
1804,1939,37,2.3
1805,1940,37,2.3
1806,1941,37,2.27
1807,1942,37,2.21
1808,1943,37,2.17
1809,1944,37,2.14
1810,1945,37,2.12
1811,1946,37,2.11
1812,1947,37,2.0
1813,1948,37,2.03
1814,1949,37,1.99
1815,1950,37,1.98
1816,1951,37,1.95
1817,1952,37,1.95
1818,1953,37,1.94
1819,1954,37,1.92
1820,1955,37,1.91
1821,1956,37,1.9
1822,1957,37,1.89
1823,1958,37,1.87
1824,1959,37,1.85
1825,1960,37,1.85
1826,1961,37,1.82
1827,1962,37,1.8
1828,1963,37,1.78
1829,1964,37,1.76
1830,1965,37,1.75
1831,1966,37,1.74
1832,1967,37,1.73
1833,1968,37,1.73
1834,1969,37,1.71
1835,1970,37,1.71
1836,1971,37,1.69
1837,1972,37,1.67
1838,1973,37,1.67
1839,1974,37,1.69
1840,1975,37,1.69
1841,1976,37,1.7
1842,1977,37,1.71
1843,1978,37,1.71
1844,1979,37,1.72
1845,1980,37,1.73
1846,1981,37,1.74
1847,1982,37,1.74
1848,1983,37,1.73
1849,1984,37,
1850,1985,37,
1851,1986,37,
1852,1987,37,
1853,1988,37,
1854,1989,37,
1855,1990,37,
1856,1991,37,
1857,1992,37,
1858,1993,37,
1859,1994,37,
1860,1995,37,
1861,1996,37,
1862,1997,37,
1863,1998,37,
1864,1999,37,
1865,2000,37,
1866,2001,37,
1867,2002,37,
1868,2003,37,
1869,2004,37,
1870,1920,38,1.86
1871,1921,38,1.92
1872,1922,38,1.91
1873,1923,38,1.96
1874,1924,38,1.98
1875,1925,38,1.99
1876,1926,38,2.05
1877,1927,38,2.08
1878,1928,38,2.13
1879,1929,38,2.15
1880,1930,38,2.25
1881,1931,38,2.25
1882,1932,38,2.26
1883,1933,38,2.31
1884,1934,38,2.36
1885,1935,38,2.36
1886,1936,38,2.35
1887,1937,38,2.34
1888,1938,38,2.34
1889,1939,38,2.32
1890,1940,38,2.31
1891,1941,38,2.29
1892,1942,38,2.23
1893,1943,38,2.19
1894,1944,38,2.16
1895,1945,38,2.14
1896,1946,38,2.13
1897,1947,38,2.02
1898,1948,38,2.05
1899,1949,38,2.02
1900,1950,38,2.0
1901,1951,38,1.98
1902,1952,38,1.98
1903,1953,38,1.97
1904,1954,38,1.95
1905,1955,38,1.94
1906,1956,38,1.93
1907,1957,38,1.93
1908,1958,38,1.9
1909,1959,38,1.89
1910,1960,38,1.89
1911,1961,38,1.86
1912,1962,38,1.84
1913,1963,38,1.82
1914,1964,38,1.8
1915,1965,38,1.79
1916,1966,38,1.79
1917,1967,38,1.77
1918,1968,38,1.78
1919,1969,38,1.76
1920,1970,38,1.76
1921,1971,38,1.75
1922,1972,38,1.73
1923,1973,38,1.73
1924,1974,38,1.75
1925,1975,38,1.75
1926,1976,38,1.76
1927,1977,38,1.77
1928,1978,38,1.78
1929,1979,38,1.79
1930,1980,38,1.8
1931,1981,38,1.8
1932,1982,38,1.8
1933,1983,38,
1934,1984,38,
1935,1985,38,
1936,1986,38,
1937,1987,38,
1938,1988,38,
1939,1989,38,
1940,1990,38,
1941,1991,38,
1942,1992,38,
1943,1993,38,
1944,1994,38,
1945,1995,38,
1946,1996,38,
1947,1997,38,
1948,1998,38,
1949,1999,38,
1950,2000,38,
1951,2001,38,
1952,2002,38,
1953,2003,38,
1954,2004,38,
1955,1920,39,1.9
1956,1921,39,1.95
1957,1922,39,1.95
1958,1923,39,2.0
1959,1924,39,2.02
1960,1925,39,2.03
1961,1926,39,2.09
1962,1927,39,2.12
1963,1928,39,2.16
1964,1929,39,2.19
1965,1930,39,2.28
1966,1931,39,2.28
1967,1932,39,2.28
1968,1933,39,2.34
1969,1934,39,2.38
1970,1935,39,2.38
1971,1936,39,2.37
1972,1937,39,2.35
1973,1938,39,2.35
1974,1939,39,2.33
1975,1940,39,2.33
1976,1941,39,2.31
1977,1942,39,2.25
1978,1943,39,2.21
1979,1944,39,2.18
1980,1945,39,2.16
1981,1946,39,2.15
1982,1947,39,2.04
1983,1948,39,2.07
1984,1949,39,2.04
1985,1950,39,2.02
1986,1951,39,2.0
1987,1952,39,2.0
1988,1953,39,1.99
1989,1954,39,1.97
1990,1955,39,1.97
1991,1956,39,1.96
1992,1957,39,1.95
1993,1958,39,1.93
1994,1959,39,1.92
1995,1960,39,1.92
1996,1961,39,1.89
1997,1962,39,1.87
1998,1963,39,1.85
1999,1964,39,1.83
2000,1965,39,1.83
2001,1966,39,1.82
2002,1967,39,1.81
2003,1968,39,1.82
2004,1969,39,1.81
2005,1970,39,1.81
2006,1971,39,1.79
2007,1972,39,1.77
2008,1973,39,1.77
2009,1974,39,1.8
2010,1975,39,1.8
2011,1976,39,1.81
2012,1977,39,1.82
2013,1978,39,1.83
2014,1979,39,1.84
2015,1980,39,1.85
2016,1981,39,1.85
2017,1982,39,
2018,1983,39,
2019,1984,39,
2020,1985,39,
2021,1986,39,
2022,1987,39,
2023,1988,39,
2024,1989,39,
2025,1990,39,
2026,1991,39,
2027,1992,39,
2028,1993,39,
2029,1994,39,
2030,1995,39,
2031,1996,39,
2032,1997,39,
2033,1998,39,
2034,1999,39,
2035,2000,39,
2036,2001,39,
2037,2002,39,
2038,2003,39,
2039,2004,39,
2040,1920,40,1.93
2041,1921,40,1.98
2042,1922,40,1.98
2043,1923,40,2.03
2044,1924,40,2.05
2045,1925,40,2.06
2046,1926,40,2.12
2047,1927,40,2.15
2048,1928,40,2.19
2049,1929,40,2.21
2050,1930,40,2.3
2051,1931,40,2.3
2052,1932,40,2.3
2053,1933,40,2.36
2054,1934,40,2.4
2055,1935,40,2.39
2056,1936,40,2.38
2057,1937,40,2.37
2058,1938,40,2.36
2059,1939,40,2.34
2060,1940,40,2.34
2061,1941,40,2.32
2062,1942,40,2.26
2063,1943,40,2.22
2064,1944,40,2.19
2065,1945,40,2.17
2066,1946,40,2.16
2067,1947,40,2.05
2068,1948,40,2.08
2069,1949,40,2.05
2070,1950,40,2.04
2071,1951,40,2.01
2072,1952,40,2.02
2073,1953,40,2.01
2074,1954,40,1.99
2075,1955,40,1.99
2076,1956,40,1.98
2077,1957,40,1.97
2078,1958,40,1.95
2079,1959,40,1.94
2080,1960,40,1.94
2081,1961,40,1.91
2082,1962,40,1.89
2083,1963,40,1.87
2084,1964,40,1.86
2085,1965,40,1.85
2086,1966,40,1.85
2087,1967,40,1.84
2088,1968,40,1.85
2089,1969,40,1.84
2090,1970,40,1.84
2091,1971,40,1.83
2092,1972,40,1.81
2093,1973,40,1.81
2094,1974,40,1.84
2095,1975,40,1.84
2096,1976,40,1.85
2097,1977,40,1.87
2098,1978,40,1.87
2099,1979,40,1.88
2100,1980,40,1.89
2101,1981,40,
2102,1982,40,
2103,1983,40,
2104,1984,40,
2105,1985,40,
2106,1986,40,
2107,1987,40,
2108,1988,40,
2109,1989,40,
2110,1990,40,
2111,1991,40,
2112,1992,40,
2113,1993,40,
2114,1994,40,
2115,1995,40,
2116,1996,40,
2117,1997,40,
2118,1998,40,
2119,1999,40,
2120,2000,40,
2121,2001,40,
2122,2002,40,
2123,2003,40,
2124,2004,40,
2125,1920,41,1.95
2126,1921,41,2.01
2127,1922,41,2.01
2128,1923,41,2.05
2129,1924,41,2.07
2130,1925,41,2.08
2131,1926,41,2.14
2132,1927,41,2.17
2133,1928,41,2.21
2134,1929,41,2.23
2135,1930,41,2.32
2136,1931,41,2.32
2137,1932,41,2.32
2138,1933,41,2.37
2139,1934,41,2.41
2140,1935,41,2.4
2141,1936,41,2.39
2142,1937,41,2.37
2143,1938,41,2.37
2144,1939,41,2.35
2145,1940,41,2.35
2146,1941,41,2.33
2147,1942,41,2.27
2148,1943,41,2.23
2149,1944,41,2.2
2150,1945,41,2.18
2151,1946,41,2.17
2152,1947,41,2.06
2153,1948,41,2.09
2154,1949,41,2.06
2155,1950,41,2.05
2156,1951,41,2.02
2157,1952,41,2.03
2158,1953,41,2.03
2159,1954,41,2.0
2160,1955,41,2.0
2161,1956,41,1.99
2162,1957,41,1.99
2163,1958,41,1.97
2164,1959,41,1.95
2165,1960,41,1.95
2166,1961,41,1.93
2167,1962,41,1.91
2168,1963,41,1.89
2169,1964,41,1.88
2170,1965,41,1.87
2171,1966,41,1.87
2172,1967,41,1.86
2173,1968,41,1.88
2174,1969,41,1.87
2175,1970,41,1.87
2176,1971,41,1.86
2177,1972,41,1.84
2178,1973,41,1.84
2179,1974,41,1.87
2180,1975,41,1.87
2181,1976,41,1.88
2182,1977,41,1.9
2183,1978,41,1.9
2184,1979,41,1.91
2185,1980,41,
2186,1981,41,
2187,1982,41,
2188,1983,41,
2189,1984,41,
2190,1985,41,
2191,1986,41,
2192,1987,41,
2193,1988,41,
2194,1989,41,
2195,1990,41,
2196,1991,41,
2197,1992,41,
2198,1993,41,
2199,1994,41,
2200,1995,41,
2201,1996,41,
2202,1997,41,
2203,1998,41,
2204,1999,41,
2205,2000,41,
2206,2001,41,
2207,2002,41,
2208,2003,41,
2209,2004,41,
2210,1920,42,1.97
2211,1921,42,2.03
2212,1922,42,2.02
2213,1923,42,2.07
2214,1924,42,2.09
2215,1925,42,2.1
2216,1926,42,2.16
2217,1927,42,2.18
2218,1928,42,2.22
2219,1929,42,2.24
2220,1930,42,2.33
2221,1931,42,2.33
2222,1932,42,2.33
2223,1933,42,2.37
2224,1934,42,2.41
2225,1935,42,2.41
2226,1936,42,2.39
2227,1937,42,2.38
2228,1938,42,2.38
2229,1939,42,2.35
2230,1940,42,2.36
2231,1941,42,2.33
2232,1942,42,2.28
2233,1943,42,2.23
2234,1944,42,2.2
2235,1945,42,2.19
2236,1946,42,2.18
2237,1947,42,2.07
2238,1948,42,2.1
2239,1949,42,2.07
2240,1950,42,2.05
2241,1951,42,2.03
2242,1952,42,2.04
2243,1953,42,2.03
2244,1954,42,2.01
2245,1955,42,2.01
2246,1956,42,2.0
2247,1957,42,2.0
2248,1958,42,1.98
2249,1959,42,1.96
2250,1960,42,1.96
2251,1961,42,1.94
2252,1962,42,1.92
2253,1963,42,1.91
2254,1964,42,1.89
2255,1965,42,1.89
2256,1966,42,1.89
2257,1967,42,1.88
2258,1968,42,1.9
2259,1969,42,1.88
2260,1970,42,1.89
2261,1971,42,1.88
2262,1972,42,1.86
2263,1973,42,1.86
2264,1974,42,1.89
2265,1975,42,1.89
2266,1976,42,1.9
2267,1977,42,1.92
2268,1978,42,1.92
2269,1979,42,
2270,1980,42,
2271,1981,42,
2272,1982,42,
2273,1983,42,
2274,1984,42,
2275,1985,42,
2276,1986,42,
2277,1987,42,
2278,1988,42,
2279,1989,42,
2280,1990,42,
2281,1991,42,
2282,1992,42,
2283,1993,42,
2284,1994,42,
2285,1995,42,
2286,1996,42,
2287,1997,42,
2288,1998,42,
2289,1999,42,
2290,2000,42,
2291,2001,42,
2292,2002,42,
2293,2003,42,
2294,2004,42,
2295,1920,43,1.98
2296,1921,43,2.04
2297,1922,43,2.04
2298,1923,43,2.08
2299,1924,43,2.1
2300,1925,43,2.11
2301,1926,43,2.17
2302,1927,43,2.19
2303,1928,43,2.23
2304,1929,43,2.25
2305,1930,43,2.34
2306,1931,43,2.33
2307,1932,43,2.33
2308,1933,43,2.38
2309,1934,43,2.42
2310,1935,43,2.41
2311,1936,43,2.4
2312,1937,43,2.38
2313,1938,43,2.38
2314,1939,43,2.36
2315,1940,43,2.36
2316,1941,43,2.33
2317,1942,43,2.28
2318,1943,43,2.24
2319,1944,43,2.2
2320,1945,43,2.19
2321,1946,43,2.18
2322,1947,43,2.07
2323,1948,43,2.1
2324,1949,43,2.07
2325,1950,43,2.06
2326,1951,43,2.04
2327,1952,43,2.04
2328,1953,43,2.04
2329,1954,43,2.02
2330,1955,43,2.02
2331,1956,43,2.01
2332,1957,43,2.01
2333,1958,43,1.98
2334,1959,43,1.97
2335,1960,43,1.97
2336,1961,43,1.94
2337,1962,43,1.93
2338,1963,43,1.91
2339,1964,43,1.9
2340,1965,43,1.9
2341,1966,43,1.9
2342,1967,43,1.89
2343,1968,43,1.91
2344,1969,43,1.9
2345,1970,43,1.9
2346,1971,43,1.89
2347,1972,43,1.87
2348,1973,43,1.87
2349,1974,43,1.9
2350,1975,43,1.9
2351,1976,43,1.92
2352,1977,43,1.93
2353,1978,43,
2354,1979,43,
2355,1980,43,
2356,1981,43,
2357,1982,43,
2358,1983,43,
2359,1984,43,
2360,1985,43,
2361,1986,43,
2362,1987,43,
2363,1988,43,
2364,1989,43,
2365,1990,43,
2366,1991,43,
2367,1992,43,
2368,1993,43,
2369,1994,43,
2370,1995,43,
2371,1996,43,
2372,1997,43,
2373,1998,43,
2374,1999,43,
2375,2000,43,
2376,2001,43,
2377,2002,43,
2378,2003,43,
2379,2004,43,
2380,1920,44,1.99
2381,1921,44,2.05
2382,1922,44,2.05
2383,1923,44,2.09
2384,1924,44,2.11
2385,1925,44,2.11
2386,1926,44,2.17
2387,1927,44,2.19
2388,1928,44,2.24
2389,1929,44,2.25
2390,1930,44,2.34
2391,1931,44,2.34
2392,1932,44,2.33
2393,1933,44,2.38
2394,1934,44,2.42
2395,1935,44,2.41
2396,1936,44,2.4
2397,1937,44,2.38
2398,1938,44,2.38
2399,1939,44,2.36
2400,1940,44,2.36
2401,1941,44,2.34
2402,1942,44,2.28
2403,1943,44,2.24
2404,1944,44,2.21
2405,1945,44,2.19
2406,1946,44,2.18
2407,1947,44,2.07
2408,1948,44,2.11
2409,1949,44,2.07
2410,1950,44,2.06
2411,1951,44,2.04
2412,1952,44,2.05
2413,1953,44,2.04
2414,1954,44,2.02
2415,1955,44,2.02
2416,1956,44,2.01
2417,1957,44,2.01
2418,1958,44,1.99
2419,1959,44,1.98
2420,1960,44,1.98
2421,1961,44,1.95
2422,1962,44,1.93
2423,1963,44,1.92
2424,1964,44,1.91
2425,1965,44,1.9
2426,1966,44,1.91
2427,1967,44,1.9
2428,1968,44,1.91
2429,1969,44,1.9
2430,1970,44,1.91
2431,1971,44,1.89
2432,1972,44,1.88
2433,1973,44,1.88
2434,1974,44,1.91
2435,1975,44,1.91
2436,1976,44,1.93
2437,1977,44,
2438,1978,44,
2439,1979,44,
2440,1980,44,
2441,1981,44,
2442,1982,44,
2443,1983,44,
2444,1984,44,
2445,1985,44,
2446,1986,44,
2447,1987,44,
2448,1988,44,
2449,1989,44,
2450,1990,44,
2451,1991,44,
2452,1992,44,
2453,1993,44,
2454,1994,44,
2455,1995,44,
2456,1996,44,
2457,1997,44,
2458,1998,44,
2459,1999,44,
2460,2000,44,
2461,2001,44,
2462,2002,44,
2463,2003,44,
2464,2004,44,
2465,1920,45,2.0
2466,1921,45,2.05
2467,1922,45,2.05
2468,1923,45,2.09
2469,1924,45,2.11
2470,1925,45,2.12
2471,1926,45,2.18
2472,1927,45,2.2
2473,1928,45,2.24
2474,1929,45,2.26
2475,1930,45,2.34
2476,1931,45,2.34
2477,1932,45,2.33
2478,1933,45,2.38
2479,1934,45,2.42
2480,1935,45,2.41
2481,1936,45,2.4
2482,1937,45,2.39
2483,1938,45,2.38
2484,1939,45,2.36
2485,1940,45,2.36
2486,1941,45,2.34
2487,1942,45,2.28
2488,1943,45,2.24
2489,1944,45,2.21
2490,1945,45,2.19
2491,1946,45,2.18
2492,1947,45,2.08
2493,1948,45,2.11
2494,1949,45,2.07
2495,1950,45,2.06
2496,1951,45,2.04
2497,1952,45,2.05
2498,1953,45,2.04
2499,1954,45,2.02
2500,1955,45,2.02
2501,1956,45,2.01
2502,1957,45,2.01
2503,1958,45,1.99
2504,1959,45,1.98
2505,1960,45,1.98
2506,1961,45,1.95
2507,1962,45,1.94
2508,1963,45,1.92
2509,1964,45,1.91
2510,1965,45,1.91
2511,1966,45,1.91
2512,1967,45,1.9
2513,1968,45,1.92
2514,1969,45,1.91
2515,1970,45,1.91
2516,1971,45,1.9
2517,1972,45,1.88
2518,1973,45,1.88
2519,1974,45,1.91
2520,1975,45,1.91
2521,1976,45,
2522,1977,45,
2523,1978,45,
2524,1979,45,
2525,1980,45,
2526,1981,45,
2527,1982,45,
2528,1983,45,
2529,1984,45,
2530,1985,45,
2531,1986,45,
2532,1987,45,
2533,1988,45,
2534,1989,45,
2535,1990,45,
2536,1991,45,
2537,1992,45,
2538,1993,45,
2539,1994,45,
2540,1995,45,
2541,1996,45,
2542,1997,45,
2543,1998,45,
2544,1999,45,
2545,2000,45,
2546,2001,45,
2547,2002,45,
2548,2003,45,
2549,2004,45,
2550,1920,final,2.0
2551,1921,final,2.05
2552,1922,final,2.05
2553,1923,final,2.1
2554,1924,final,2.11
2555,1925,final,2.12
2556,1926,final,2.18
2557,1927,final,2.2
2558,1928,final,2.24
2559,1929,final,2.26
2560,1930,final,2.35
2561,1931,final,2.34
2562,1932,final,2.34
2563,1933,final,2.39
2564,1934,final,2.42
2565,1935,final,2.42
2566,1936,final,2.4
2567,1937,final,2.39
2568,1938,final,2.39
2569,1939,final,2.36
2570,1940,final,2.36
2571,1941,final,2.34
2572,1942,final,2.29
2573,1943,final,2.24
2574,1944,final,2.21
2575,1945,final,2.19
2576,1946,final,2.19
2577,1947,final,2.08
2578,1948,final,2.11
2579,1949,final,2.08
2580,1950,final,2.07
2581,1951,final,2.04
2582,1952,final,2.05
2583,1953,final,2.05
2584,1954,final,2.02
2585,1955,final,2.02
2586,1956,final,2.02
2587,1957,final,2.01
2588,1958,final,1.99
2589,1959,final,1.98
2590,1960,final,1.98
2591,1961,final,1.96
2592,1962,final,1.94
2593,1963,final,1.93
2594,1964,final,1.92
2595,1965,final,1.91
2596,1966,final,1.91
2597,1967,final,1.91
2598,1968,final,1.92
2599,1969,final,1.91
2600,1970,final,1.91
2601,1971,final,1.9
2602,1972,final,1.89
2603,1973,final,1.89
2604,1974,final,1.92
2605,1975,final,
2606,1976,final,
2607,1977,final,
2608,1978,final,
2609,1979,final,
2610,1980,final,
2611,1981,final,
2612,1982,final,
2613,1983,final,
2614,1984,final,
2615,1985,final,
2616,1986,final,
2617,1987,final,
2618,1988,final,
2619,1989,final,
2620,1990,final,
2621,1991,final,
2622,1992,final,
2623,1993,final,
2624,1994,final,
2625,1995,final,
2626,1996,final,
2627,1997,final,
2628,1998,final,
2629,1999,final,
2630,2000,final,
2631,2001,final,
2632,2002,final,
2633,2003,final,
2634,2004,final,
