year,age,0,1,2,3,4,Total
,,,,,,,
1920,20,93,6,1,0,0,100
1921,,93,6,1,0,0,100
1922,,94,6,1,0,0,101
1923,,94,6,1,0,0,101
1924,,93,6,1,0,0,100
,,,,,,,
1925,,93,6,1,0,0,100
1926,,93,6,1,0,0,100
1927,,93,7,1,0,0,101
1928,,92,8,1,0,0,101
1929,,91,8,1,0,0,100
,,,,,,,
1930,,91,8,1,0,0,100
1931,,91,8,1,0,0,100
1932,,91,8,1,0,0,100
1933,,91,8,1,0,0,100
1934,,91,8,1,0,0,100
,,,,,,,
1935,,91,8,1,0,0,100
1936,,90,8,1,0,0,99
1937,,90,9,1,0,0,100
1938,,89,9,2,0,0,100
1939,,88,10,2,0,0,100
,,,,,,,
1940,,87,11,2,0,0,100
1941,,86,11,2,0,0,99
1942,,86,12,2,0,0,100
1943,,85,12,3,0,0,100
1944,,84,12,3,0,0,99
,,,,,,,
1945,,83,13,3,0,0,99
1946,,83,13,4,0,0,100
1947,,83,13,4,0,0,100
1948,,82,14,4,0,0,100
1949,,82,14,4,0,0,100
,,,,,,,
1950,,81,14,4,0,0,99
1951,,81,15,4,0,0,100
1952,,80,15,4,0,0,99
1953,,81,15,4,0,0,100
1954,,82,14,4,0,0,100
,,,,,,,
1955,,82,14,4,0,0,100
1956,,84,13,3,0,0,100
1957,,85,12,3,0,0,100
1958,,86,11,2,0,0,99
1959,,87,10,2,0,0,99
,,,,,,,
1960,,87,10,2,0,0,99
1961,,87,10,2,0,0,99
1962,,88,10,2,0,0,100
1963,,88,9,2,0,0,99
1964,,89,9,2,0,0,100
,,,,,,,
1965,,89,9,2,0,0,100
1966,,89,9,2,0,0,100
1967,,88,10,2,0,0,100
1968,,88,10,2,0,0,100
1969,,87,10,2,0,0,99
,,,,,,,
1970,,87,11,2,0,0,100
1971,,87,11,2,0,0,100
1972,,87,11,2,0,0,100
1973,,87,11,2,0,0,100
1974,,88,10,2,0,0,100
,,,,,,,
1975,,88,10,2,0,0,100
1976,,88,10,2,0,0,100
1977,,88,10,2,0,0,100
1978,,88,10,2,0,0,100
1979,,87,11,2,0,0,100
,,,,,,,
1980,,87,11,2,0,0,100
1981,,87,11,2,0,0,100
1982,,87,11,2,0,0,100
1983,,88,10,2,0,0,100
1984,,88,9,2,0,0,99
,,,,,,,
1985,,89,9,2,0,0,100
1986,,89,9,2,0,0,100
1987,,89,9,2,0,0,100
1988,,89,9,2,0,0,100
1989,,89,9,2,0,0,100
,,,,,,,
1990,,89,9,2,0,0,100
1991,,90,8,2,0,0,100
1992,,91,8,2,0,0,101
1993,,91,7,1,0,0,99
1994,,92,6,1,0,0,99
,,,,,,,
1995,,93,5,2,0,0,100
1996,,94,5,1,0,0,100
1997,,94,4,1,0,0,99
1998,,94,4,1,0,0,99
1999,,95,4,1,0,0,100
,,,,,,,
2000,,95,4,1,0,0,100
,,,,,,,
1920,21,89,9,2,0,0,100
1921,,88,10,2,0,0,100
1922,,88,10,2,0,0,100
1923,,88,10,1,0,0,99
1924,,88,11,2,0,0,101
,,,,,,,
1925,,88,11,2,0,0,101
1926,,87,11,2,0,0,100
1927,,85,13,2,0,0,100
1928,,85,13,2,0,0,100
1929,,84,13,2,0,0,99
,,,,,,,
1930,,84,13,3,0,0,100
1931,,84,13,3,0,0,100
1932,,84,13,3,0,0,100
1933,,84,13,3,0,0,100
1934,,83,13,3,0,0,99
,,,,,,,
1935,,83,13,3,0,0,99
1936,,82,14,3,0,0,99
1937,,82,15,3,0,0,100
1938,,80,15,4,1,0,100
1939,,79,16,4,1,0,100
,,,,,,,
1940,,78,16,4,1,0,99
1941,,77,17,5,1,0,100
1942,,77,17,5,1,0,100
1943,,76,17,6,1,0,100
1944,,75,17,6,1,0,99
,,,,,,,
1945,,74,18,6,1,0,99
1946,,74,18,7,1,0,100
1947,,75,18,6,1,0,100
1948,,74,18,7,1,0,100
1949,,74,18,7,1,0,100
,,,,,,,
1950,,74,18,7,1,0,100
1951,,73,19,7,1,0,100
1952,,73,19,7,1,0,100
1953,,74,18,7,1,0,100
1954,,76,17,7,1,0,101
,,,,,,,
1955,,77,16,6,1,0,100
1956,,78,15,6,1,0,100
1957,,80,14,5,1,0,100
1958,,81,14,5,1,0,101
1959,,82,13,5,1,0,101
,,,,,,,
1960,,82,13,4,1,0,100
1961,,82,13,4,1,0,100
1962,,83,12,4,1,0,100
1963,,84,12,4,1,0,101
1964,,85,11,4,1,0,101
,,,,,,,
1965,,85,11,4,1,0,101
1966,,84,12,4,1,0,101
1967,,84,12,4,1,0,101
1968,,83,13,4,1,0,101
1969,,83,13,4,1,0,101
,,,,,,,
1970,,82,13,4,1,0,100
1971,,83,13,4,1,0,101
1972,,83,13,4,1,0,101
1973,,83,13,4,1,0,101
1974,,83,12,4,1,0,100
,,,,,,,
1975,,84,12,3,1,0,100
1976,,84,12,4,1,0,101
1977,,83,13,3,1,0,100
1978,,83,13,3,1,0,100
1979,,83,13,3,1,0,100
,,,,,,,
1980,,83,13,3,1,0,100
1981,,83,14,3,1,0,101
1982,,83,13,3,1,0,100
1983,,84,12,4,0,0,100
1984,,84,12,3,0,0,99
,,,,,,,
1985,,85,11,3,0,0,99
1986,,84,12,3,0,0,99
1987,,85,11,3,0,0,99
1988,,85,11,3,0,0,99
1989,,85,11,3,0,0,99
,,,,,,,
1990,,85,11,3,0,0,99
1991,,86,10,3,0,0,99
1992,,87,9,3,0,0,99
1993,,88,9,3,0,0,100
1994,,90,7,3,0,0,100
,,,,,,,
1995,,90,7,3,0,0,100
1996,,91,6,2,0,0,99
1997,,91,6,2,0,0,99
1998,,92,6,2,0,0,100
1999,,92,6,2,0,0,100
,,,,,,,
1920,22,83,14,3,0,0,100
1921,,82,15,3,0,0,100
1922,,81,15,3,0,0,99
1923,,81,16,3,0,0,100
1924,,81,16,3,0,0,100
,,,,,,,
1925,,80,17,3,0,0,100
1926,,77,19,4,1,0,101
1927,,76,19,4,1,0,100
1928,,76,19,4,1,0,100
1929,,76,18,5,1,0,100
,,,,,,,
1930,,76,18,5,1,0,100
1931,,76,18,5,1,0,100
1932,,76,18,5,1,0,100
1933,,75,18,5,1,0,99
1934,,75,19,5,1,0,100
,,,,,,,
1935,,74,19,5,1,0,99
1936,,73,20,6,1,0,100
1937,,72,20,6,1,0,99
1938,,71,21,7,1,0,100
1939,,70,21,7,2,0,100
,,,,,,,
1940,,69,21,8,2,0,100
1941,,67,22,9,2,0,100
1942,,67,22,9,2,0,100
1943,,67,21,9,2,0,99
1944,,66,21,10,2,1,100
,,,,,,,
1945,,65,22,10,2,1,100
1946,,65,22,10,2,0,99
1947,,66,21,10,2,0,99
1948,,66,21,10,2,0,99
1949,,66,21,10,2,0,99
,,,,,,,
1950,,66,21,10,2,0,99
1951,,66,21,10,2,0,99
1952,,67,21,10,2,0,100
1953,,68,20,10,2,0,100
1954,,70,19,10,2,0,101
,,,,,,,
1955,,71,18,9,2,0,100
1956,,73,17,8,1,0,99
1957,,74,16,8,1,0,99
1958,,75,16,7,1,0,99
1959,,76,15,7,1,0,99
,,,,,,,
1960,,77,15,7,1,0,100
1961,,77,14,7,1,0,99
1962,,78,14,7,1,0,100
1963,,79,14,6,1,0,100
1964,,80,13,6,1,0,100
,,,,,,,
1965,,80,13,6,1,0,100
1966,,80,13,6,1,0,100
1967,,79,14,6,1,0,100
1968,,78,15,6,1,0,100
1969,,78,15,6,1,0,100
,,,,,,,
1970,,78,15,6,1,0,100
1971,,78,15,5,1,0,99
1972,,79,15,5,1,0,100
1973,,79,14,5,1,0,99
1974,,80,14,5,1,0,100
,,,,,,,
1975,,80,14,5,1,0,100
1976,,80,14,5,1,0,100
1977,,79,14,5,1,0,99
1978,,79,14,5,1,0,99
1979,,79,15,5,1,0,100
,,,,,,,
1980,,79,15,5,1,0,100
1981,,79,15,5,1,0,100
1982,,79,14,5,1,0,99
1983,,80,14,5,1,0,100
1984,,80,13,5,1,0,99
,,,,,,,
1985,,81,13,5,1,0,100
1986,,80,13,5,1,0,99
1987,,80,13,5,1,0,99
1988,,81,13,5,1,0,100
1989,,81,13,5,1,0,100
,,,,,,,
1990,,82,13,5,1,0,101
1991,,83,11,5,1,0,100
1992,,84,10,4,1,0,99
1993,,86,10,4,1,0,101
1994,,87,9,4,1,0,101
,,,,,,,
1995,,87,8,4,1,0,100
1996,,88,8,3,1,0,100
1997,,89,8,3,0,0,100
1998,,89,8,3,0,0,100
,,,,,,,
1920,23,75,19,5,1,0,100
1921,,74,20,5,1,0,100
1922,,73,20,5,1,0,99
1923,,73,21,5,1,0,100
1924,,72,22,5,1,0,100
,,,,,,,
1925,,69,24,6,1,0,100
1926,,68,25,6,1,0,100
1927,,67,24,7,1,0,99
1928,,67,24,7,1,0,99
1929,,68,23,7,2,0,100
,,,,,,,
1930,,67,23,7,2,0,99
1931,,67,23,7,2,0,99
1932,,67,23,8,2,0,100
1933,,66,24,8,2,0,100
1934,,65,24,8,2,0,99
,,,,,,,
1935,,64,25,9,2,1,101
1936,,63,25,9,2,1,100
1937,,62,25,10,2,1,100
1938,,61,25,11,3,1,101
1939,,60,25,11,3,1,100
,,,,,,,
1940,,58,26,12,3,1,100
1941,,57,26,13,4,1,101
1942,,57,25,13,4,1,100
1943,,57,25,13,4,1,100
1944,,57,25,14,4,1,101
,,,,,,,
1945,,56,25,14,4,1,100
1946,,56,25,14,4,1,100
1947,,58,24,14,3,1,100
1948,,58,24,14,4,1,101
1949,,59,23,14,3,1,100
,,,,,,,
1950,,59,23,14,3,1,100
1951,,60,22,14,3,1,100
1952,,61,22,14,3,1,101
1953,,62,21,13,3,1,100
1954,,65,20,13,3,0,101
,,,,,,,
1955,,66,19,12,2,0,99
1956,,68,18,11,2,0,99
1957,,68,18,11,2,0,99
1958,,69,18,10,2,0,99
1959,,71,17,10,2,0,100
,,,,,,,
1960,,71,16,10,2,0,99
1961,,72,16,9,2,0,99
1962,,73,15,9,2,0,99
1963,,74,15,8,2,0,99
1964,,75,15,8,2,0,100
,,,,,,,
1965,,75,15,8,2,0,100
1966,,75,15,8,2,0,100
1967,,74,16,8,2,0,100
1968,,73,16,8,2,0,99
1969,,73,16,8,2,0,99
,,,,,,,
1970,,74,17,8,2,0,101
1971,,74,16,7,2,0,99
1972,,75,16,7,2,0,100
1973,,76,15,7,2,0,100
1974,,76,15,7,2,0,100
,,,,,,,
1975,,76,15,7,2,0,100
1976,,76,15,7,2,0,100
1977,,75,16,7,1,0,99
1978,,76,15,7,1,0,99
1979,,75,16,7,1,0,99
,,,,,,,
1980,,75,16,7,1,0,99
1981,,75,16,7,2,0,100
1982,,76,16,7,1,0,100
1983,,76,15,7,1,0,99
1984,,76,15,7,1,0,99
,,,,,,,
1985,,77,14,7,1,0,99
1986,,76,15,7,1,0,99
1987,,76,15,7,1,0,99
1988,,77,14,7,1,0,99
1989,,77,14,7,1,0,99
,,,,,,,
1990,,78,13,7,1,0,99
1991,,80,12,6,1,0,99
1992,,81,11,6,1,0,99
1993,,83,11,5,1,0,100
1994,,84,10,5,1,0,100
,,,,,,,
1995,,84,9,5,1,0,99
1996,,85,9,5,1,0,100
1997,,86,9,4,1,0,100
,,,,,,,
1920,24,68,24,7,2,0,101
1921,,66,25,8,2,0,101
1922,,66,24,8,2,0,100
1923,,64,26,8,2,0,100
1924,,60,29,9,2,0,100
,,,,,,,
1925,,60,29,9,2,0,100
1926,,59,28,10,2,0,99
1927,,59,28,10,2,1,100
1928,,59,27,10,3,1,100
1929,,60,27,10,3,1,101
,,,,,,,
1930,,59,27,11,3,1,101
1931,,59,27,11,3,1,101
1932,,59,27,11,3,1,101
1933,,57,27,11,3,1,99
1934,,55,29,12,3,1,100
,,,,,,,
1935,,55,28,13,3,1,100
1936,,54,28,13,4,1,100
1937,,53,28,14,4,1,100
1938,,52,28,15,4,1,100
1939,,50,28,16,5,2,101
,,,,,,,
1940,,49,28,16,5,2,100
1941,,48,28,17,5,2,100
1942,,48,27,17,6,2,100
1943,,48,26,18,6,2,100
1944,,48,26,18,6,2,100
,,,,,,,
1945,,48,27,19,5,2,101
1946,,48,26,19,5,2,100
1947,,51,25,18,5,2,101
1948,,50,25,18,5,2,100
1949,,52,24,18,5,1,100
,,,,,,,
1950,,53,24,18,5,1,101
1951,,54,23,17,4,1,99
1952,,55,23,17,4,1,100
1953,,57,22,17,4,1,101
1954,,59,20,16,4,1,100
,,,,,,,
1955,,60,20,15,3,1,99
1956,,61,20,14,4,1,100
1957,,62,20,14,3,1,100
1958,,64,19,13,3,1,100
1959,,65,18,13,3,1,100
,,,,,,,
1960,,66,17,13,3,1,100
1961,,67,17,12,3,1,100
1962,,68,17,12,3,1,101
1963,,69,16,11,3,1,100
1964,,70,16,10,3,1,100
,,,,,,,
1965,,70,16,10,3,1,100
1966,,70,16,10,3,1,100
1967,,69,17,10,3,1,100
1968,,69,17,10,3,1,100
1969,,69,17,10,3,1,100
,,,,,,,
1970,,69,17,10,3,1,100
1971,,70,17,9,3,1,100
1972,,71,17,9,3,1,101
1973,,72,16,9,2,1,100
1974,,72,16,9,2,1,100
,,,,,,,
1975,,72,16,9,2,1,100
1976,,72,16,9,2,1,100
1977,,72,16,9,2,1,100
1978,,72,16,9,2,1,100
1979,,72,17,9,2,0,100
,,,,,,,
1980,,72,16,9,2,0,99
1981,,72,17,9,2,0,100
1982,,72,16,9,2,0,99
1983,,72,16,9,2,0,99
1984,,73,15,9,2,0,99
,,,,,,,
1985,,73,15,9,2,0,99
1986,,73,15,9,2,0,99
1987,,72,15,10,2,0,99
1988,,73,15,9,2,0,99
1989,,73,15,9,2,0,99
,,,,,,,
1990,,75,14,9,2,0,100
1991,,77,13,8,2,0,100
1992,,78,12,8,2,0,100
1993,,79,11,7,2,0,99
1994,,81,11,7,2,0,101
,,,,,,,
1995,,81,10,7,1,0,99
1996,,82,10,6,1,0,99
,,,,,,,
1920,25,60,27,10,3,1,101
1921,,59,28,10,2,1,100
1922,,57,29,11,3,1,101
1923,,53,31,12,3,1,100
1924,,52,32,13,3,1,101
,,,,,,,
1925,,52,31,13,3,1,100
1926,,52,30,14,4,1,101
1927,,52,30,13,4,1,100
1928,,52,30,13,4,1,100
1929,,52,29,14,4,1,100
,,,,,,,
1930,,51,29,14,4,1,99
1931,,51,29,14,4,2,100
1932,,50,29,15,4,2,100
1933,,49,30,15,5,2,101
1934,,47,30,16,5,2,100
,,,,,,,
1935,,46,30,17,5,2,100
1936,,46,29,17,6,2,100
1937,,45,29,18,6,2,100
1938,,43,29,19,6,3,100
1939,,42,29,20,7,3,101
,,,,,,,
1940,,41,28,21,7,3,100
1941,,40,28,22,8,3,101
1942,,40,27,22,8,3,100
1943,,41,27,22,7,3,100
1944,,41,27,22,7,3,100
,,,,,,,
1945,,40,27,23,7,3,100
1946,,41,26,23,7,3,100
1947,,44,26,22,7,2,101
1948,,44,25,22,7,2,100
1949,,45,25,22,6,2,100
,,,,,,,
1950,,47,24,21,6,2,100
1951,,48,24,21,6,2,101
1952,,50,23,20,5,1,99
1953,,52,22,20,5,1,100
1954,,54,21,19,5,1,100
,,,,,,,
1955,,54,22,18,5,1,100
1956,,55,21,18,5,1,100
1957,,56,20,17,5,1,99
1958,,58,20,16,4,1,99
1959,,60,19,16,4,1,100
,,,,,,,
1960,,61,18,16,4,1,100
1961,,62,18,15,4,1,100
1962,,63,18,14,4,1,100
1963,,64,18,13,4,1,100
1964,,65,17,13,4,1,100
,,,,,,,
1965,,65,17,13,4,1,100
1966,,65,17,13,4,1,100
1967,,65,18,13,4,1,101
1968,,64,18,13,4,1,100
1969,,65,18,12,4,1,100
,,,,,,,
1970,,65,18,12,4,1,100
1971,,66,18,11,4,1,100
1972,,67,17,11,3,1,99
1973,,68,17,11,3,1,100
1974,,68,17,11,3,1,100
,,,,,,,
1975,,69,16,11,3,1,100
1976,,68,17,11,3,1,100
1977,,68,17,11,3,1,100
1978,,69,17,11,3,1,101
1979,,68,18,11,3,1,101
,,,,,,,
1980,,68,18,11,3,1,101
1981,,68,18,10,3,1,100
1982,,68,18,11,3,1,101
1983,,68,17,11,3,1,100
1984,,69,17,11,3,1,101
,,,,,,,
1985,,69,17,11,3,1,101
1986,,68,17,11,3,1,100
1987,,68,17,11,3,1,100
1988,,69,16,11,3,1,100
1989,,70,15,11,3,1,100
,,,,,,,
1990,,71,15,10,3,1,100
1991,,74,13,10,3,1,101
1992,,75,13,9,3,1,101
1993,,76,12,9,2,1,100
1994,,77,12,8,2,1,100
,,,,,,,
1995,,78,12,8,2,0,100
,,,,,,,
1920,26,55,28,12,4,1,100
1921,,51,31,14,4,1,101
1922,,48,32,15,4,1,100
1923,,46,33,16,4,1,100
1924,,45,33,16,4,1,99
,,,,,,,
1925,,46,32,16,5,2,101
1926,,46,31,17,5,2,101
1927,,46,31,16,5,2,100
1928,,45,31,16,5,2,99
1929,,45,30,17,5,2,99
,,,,,,,
1930,,44,30,17,6,2,99
1931,,44,30,18,6,2,100
1932,,43,30,18,6,3,100
1933,,41,30,19,6,3,99
1934,,39,31,20,7,3,100
,,,,,,,
1935,,39,30,21,7,3,100
1936,,38,29,21,8,3,99
1937,,38,29,22,8,4,101
1938,,36,28,23,8,4,99
1939,,35,28,24,9,4,100
,,,,,,,
1940,,34,27,25,9,5,100
1941,,33,27,26,10,5,101
1942,,34,26,26,10,4,100
1943,,34,26,26,9,4,99
1944,,34,26,26,9,4,99
,,,,,,,
1945,,34,26,27,9,4,100
1946,,34,26,27,9,3,99
1947,,37,26,26,8,3,100
1948,,38,25,26,8,3,100
1949,,39,25,25,8,3,100
,,,,,,,
1950,,41,24,25,7,2,99
1951,,43,24,24,7,2,100
1952,,44,23,24,7,2,100
1953,,46,23,23,6,2,100
1954,,48,22,22,6,2,100
,,,,,,,
1955,,48,22,22,6,2,100
1956,,50,21,21,6,2,100
1957,,51,21,21,6,2,101
1958,,53,20,19,6,2,100
1959,,54,19,19,6,2,100
,,,,,,,
1960,,55,19,18,6,2,100
1961,,57,18,18,5,2,100
1962,,58,18,17,5,2,100
1963,,58,19,16,5,2,100
1964,,59,18,15,5,2,99
,,,,,,,
1965,,60,18,15,5,2,100
1966,,60,18,15,5,2,100
1967,,60,19,15,5,2,101
1968,,60,19,15,5,2,101
1969,,60,19,14,5,2,100
,,,,,,,
1970,,61,19,14,5,2,101
1971,,62,19,13,5,1,100
1972,,63,18,13,4,1,99
1973,,64,18,13,4,1,100
1974,,64,17,13,4,2,100
,,,,,,,
1975,,65,17,13,4,2,101
1976,,65,17,13,4,1,100
1977,,65,18,13,3,1,100
1978,,65,18,12,4,1,100
1979,,64,18,13,4,1,100
,,,,,,,
1980,,64,18,12,4,1,99
1981,,64,19,12,4,1,100
1982,,64,19,13,4,1,101
1983,,64,18,13,4,1,100
1984,,65,18,13,4,1,101
,,,,,,,
1985,,65,18,13,4,1,101
1986,,64,18,13,4,1,100
1987,,64,17,14,4,1,100
1988,,65,16,13,4,1,99
1989,,66,16,13,4,1,100
,,,,,,,
1990,,68,15,12,4,1,100
1991,,70,14,11,4,1,100
1992,,71,14,11,3,1,100
1993,,72,13,10,3,1,99
1994,,74,13,10,3,1,101
,,,,,,,
1920,27,47,30,16,5,2,100
1921,,42,33,18,5,2,100
1922,,42,33,18,6,2,101
1923,,40,33,19,6,2,100
1924,,40,33,19,6,2,100
,,,,,,,
1925,,40,32,19,6,2,99
1926,,40,31,19,7,3,100
1927,,40,31,19,7,3,100
1928,,39,31,19,7,3,99
1929,,39,30,20,7,3,99
,,,,,,,
1930,,38,30,21,7,4,100
1931,,38,30,21,8,4,101
1932,,37,30,22,8,4,101
1933,,35,30,23,8,4,100
1934,,33,30,24,9,4,100
,,,,,,,
1935,,33,29,25,9,5,101
1936,,32,28,25,10,5,100
1937,,31,27,26,10,5,99
1938,,30,27,27,11,6,101
1939,,29,26,27,11,6,99
,,,,,,,
1940,,28,26,28,12,6,100
1941,,27,25,29,12,6,99
1942,,28,25,29,12,6,100
1943,,29,24,30,11,5,99
1944,,29,25,30,11,5,100
,,,,,,,
1945,,28,25,31,11,5,100
1946,,29,25,31,11,4,100
1947,,32,25,29,10,4,100
1948,,32,25,30,9,3,99
1949,,34,24,29,9,3,99
,,,,,,,
1950,,36,24,29,8,3,100
1951,,38,24,28,8,3,101
1952,,39,23,27,8,2,99
1953,,40,23,27,8,2,100
1954,,42,22,26,8,2,100
,,,,,,,
1955,,43,22,25,8,2,100
1956,,44,21,24,8,2,99
1957,,46,21,24,7,3,101
1958,,47,21,22,7,3,100
1959,,49,20,22,7,3,101
,,,,,,,
1960,,50,19,21,7,3,100
1961,,51,19,21,7,2,100
1962,,52,19,19,7,2,99
1963,,53,19,19,7,2,100
1964,,54,19,18,6,2,99
,,,,,,,
1965,,55,18,18,6,2,99
1966,,55,19,17,6,2,99
1967,,55,19,17,6,2,99
1968,,55,20,17,6,2,100
1969,,56,20,16,6,2,100
,,,,,,,
1970,,56,20,16,6,2,100
1971,,57,20,15,6,2,100
1972,,59,19,15,5,2,100
1973,,60,19,15,5,2,101
1974,,60,19,14,5,2,100
,,,,,,,
1975,,61,18,14,5,2,100
1976,,61,18,14,4,2,99
1977,,61,19,14,4,2,100
1978,,61,19,14,5,2,101
1979,,60,19,14,5,1,99
,,,,,,,
1980,,60,20,14,5,1,100
1981,,60,20,14,5,1,100
1982,,59,20,14,5,1,99
1983,,60,19,15,5,1,100
1984,,60,19,15,5,1,100
,,,,,,,
1985,,60,19,15,5,1,100
1986,,60,18,15,5,1,99
1987,,60,18,15,5,2,100
1988,,61,17,15,5,2,100
1989,,63,16,15,5,2,101
,,,,,,,
1990,,64,16,14,5,2,101
1991,,66,15,13,4,1,99
1992,,67,15,12,4,1,99
1993,,68,15,12,4,1,100
,,,,,,,
1920,28,40,31,19,6,3,99
1921,,37,33,21,7,3,101
1922,,37,32,21,7,3,100
1923,,36,32,22,7,3,100
1924,,35,32,22,7,3,99
,,,,,,,
1925,,36,31,22,8,3,100
1926,,35,31,22,8,4,100
1927,,35,31,22,8,4,100
1928,,35,31,22,8,4,100
1929,,35,30,23,8,4,100
,,,,,,,
1930,,33,30,24,9,5,101
1931,,32,29,24,9,5,99
1932,,32,29,25,9,5,100
1933,,30,28,26,10,5,99
1934,,28,28,27,11,6,100
,,,,,,,
1935,,28,27,28,11,6,100
1936,,27,27,28,12,7,101
1937,,27,25,29,12,7,100
1938,,25,25,29,13,7,99
1939,,25,24,30,13,7,99
,,,,,,,
1940,,24,23,31,14,8,100
1941,,23,23,32,14,7,99
1942,,24,23,32,14,7,100
1943,,25,22,33,13,7,100
1944,,24,23,33,13,6,99
,,,,,,,
1945,,24,23,34,13,6,100
1946,,24,24,34,12,5,99
1947,,28,24,33,11,4,100
1948,,28,24,34,11,4,101
1949,,30,24,33,10,4,101
,,,,,,,
1950,,32,23,32,10,3,100
1951,,33,23,31,9,3,99
1952,,34,23,31,9,3,100
1953,,35,22,30,9,3,99
1954,,37,22,29,9,3,100
,,,,,,,
1955,,38,22,28,9,3,100
1956,,40,21,27,9,3,100
1957,,41,20,27,9,3,100
1958,,43,20,25,8,3,99
1959,,44,19,25,8,3,99
,,,,,,,
1960,,45,19,24,8,3,99
1961,,46,19,23,8,3,99
1962,,48,19,22,8,3,100
1963,,48,19,22,8,3,100
1964,,50,19,21,8,3,101
,,,,,,,
1965,,50,19,20,8,3,100
1966,,50,20,20,8,3,101
1967,,50,20,20,7,3,100
1968,,50,20,19,7,3,99
1969,,51,20,18,7,3,99
,,,,,,,
1970,,52,21,18,7,3,101
1971,,53,20,17,7,2,99
1972,,54,20,17,6,2,99
1973,,55,20,16,6,2,99
1974,,56,19,16,6,2,99
,,,,,,,
1975,,57,19,16,6,2,100
1976,,57,19,16,6,2,100
1977,,56,20,16,6,2,100
1978,,57,20,15,6,2,100
1979,,56,21,16,6,2,101
,,,,,,,
1980,,56,21,16,6,2,101
1981,,55,21,15,6,2,99
1982,,55,21,16,6,2,100
1983,,55,20,16,6,2,99
1984,,55,20,16,6,2,99
,,,,,,,
1985,,56,19,17,6,2,100
1986,,56,19,17,6,2,100
1987,,56,18,17,6,2,99
1988,,57,17,17,6,2,99
1989,,58,17,17,6,2,100
,,,,,,,
1990,,59,17,16,6,2,100
1991,,62,16,15,5,2,100
1992,,63,16,14,5,2,100
,,,,,,,
1920,29,36,31,22,8,4,101
1921,,33,32,23,8,4,100
1922,,33,31,24,8,4,100
1923,,32,31,24,9,4,100
1924,,32,31,24,9,4,100
,,,,,,,
1925,,32,31,24,9,5,101
1926,,32,30,24,9,5,100
1927,,31,30,24,9,5,99
1928,,31,30,24,10,5,100
1929,,30,29,25,10,6,100
,,,,,,,
1930,,29,29,26,10,6,100
1931,,28,28,27,11,6,100
1932,,28,27,27,11,6,99
1933,,26,27,29,12,7,101
1934,,24,26,29,13,8,100
,,,,,,,
1935,,24,25,30,13,8,100
1936,,23,24,30,14,9,100
1937,,23,23,31,14,9,100
1938,,22,23,31,15,9,100
1939,,21,22,32,15,9,99
,,,,,,,
1940,,21,21,33,16,9,100
1941,,20,21,34,16,9,100
1942,,21,21,34,16,8,100
1943,,22,20,35,15,8,100
1944,,21,21,36,15,7,100
,,,,,,,
1945,,21,22,37,14,7,101
1946,,21,22,37,14,6,100
1947,,24,22,36,12,5,99
1948,,24,22,37,12,5,100
1949,,26,22,36,11,4,99
,,,,,,,
1950,,28,22,35,11,4,100
1951,,29,22,34,11,4,100
1952,,30,22,34,11,4,101
1953,,31,21,33,11,4,100
1954,,33,21,32,11,4,101
,,,,,,,
1955,,34,21,31,10,4,100
1956,,36,20,30,10,4,100
1957,,37,20,29,10,4,100
1958,,38,20,28,10,4,100
1959,,40,19,27,10,4,100
,,,,,,,
1960,,41,19,27,10,4,101
1961,,42,19,26,9,4,100
1962,,43,19,25,9,4,100
1963,,44,19,24,9,4,100
1964,,45,19,24,9,3,100
,,,,,,,
1965,,46,19,23,9,4,101
1966,,46,20,22,9,4,101
1967,,46,20,22,9,3,100
1968,,46,21,21,8,3,99
1969,,47,21,21,8,3,100
,,,,,,,
1970,,47,21,20,8,3,99
1971,,49,21,20,8,3,101
1972,,50,21,19,7,3,100
1973,,51,21,18,7,3,100
1974,,52,21,18,7,3,101
,,,,,,,
1975,,53,20,18,6,3,100
1976,,52,21,18,7,3,101
1977,,52,21,17,7,3,100
1978,,52,21,17,7,3,100
1979,,51,22,18,7,2,100
,,,,,,,
1980,,51,22,17,7,2,99
1981,,50,23,17,7,2,99
1982,,50,22,18,7,2,99
1983,,50,22,18,7,2,99
1984,,51,21,18,7,2,99
,,,,,,,
1985,,52,20,19,7,3,101
1986,,52,19,19,7,3,100
1987,,52,18,20,7,3,100
1988,,53,18,19,7,3,100
1989,,54,18,19,7,3,101
,,,,,,,
1990,,55,18,18,7,3,101
1991,,57,17,17,6,2,99
,,,,,,,
1920,30,33,29,24,9,5,100
1921,,30,30,25,10,5,100
1922,,30,30,25,10,5,100
1923,,29,30,26,10,5,100
1924,,28,30,26,10,6,100
,,,,,,,
1925,,29,30,26,10,6,101
1926,,28,29,26,11,6,100
1927,,28,29,26,11,6,100
1928,,27,29,26,11,7,100
1929,,27,28,27,11,7,100
,,,,,,,
1930,,25,27,28,12,8,100
1931,,25,26,29,12,8,100
1932,,25,26,29,13,8,101
1933,,23,25,30,14,9,101
1934,,21,24,31,14,10,100
,,,,,,,
1935,,20,23,31,15,10,99
1936,,20,22,31,16,10,99
1937,,20,21,32,16,11,100
1938,,19,21,33,17,11,101
1939,,19,20,34,17,11,101
,,,,,,,
1940,,18,19,35,17,11,100
1941,,18,19,35,18,10,100
1942,,18,19,36,17,10,100
1943,,19,18,37,17,9,100
1944,,18,20,38,16,8,100
,,,,,,,
1945,,18,20,39,15,7,99
1946,,18,21,40,15,7,101
1947,,22,21,39,13,6,101
1948,,21,21,39,13,5,99
1949,,23,21,38,13,5,100
,,,,,,,
1950,,24,21,38,12,5,100
1951,,26,21,37,12,5,101
1952,,26,20,37,12,5,100
1953,,28,20,36,12,5,101
1954,,30,20,34,12,5,101
,,,,,,,
1955,,30,20,33,12,5,100
1956,,32,19,32,12,5,100
1957,,33,19,32,12,5,101
1958,,34,19,30,11,5,99
1959,,36,19,30,11,5,101
,,,,,,,
1960,,37,18,29,11,5,100
1961,,38,18,28,11,5,100
1962,,39,19,27,11,5,101
1963,,40,19,27,10,4,100
1964,,41,19,26,10,4,100
,,,,,,,
1965,,42,19,25,10,4,100
1966,,42,20,25,10,4,101
1967,,42,20,24,10,4,100
1968,,42,21,24,9,4,100
1969,,43,21,23,9,4,100
,,,,,,,
1970,,43,22,23,9,4,101
1971,,44,22,22,8,4,100
1972,,46,22,21,8,4,101
1973,,47,21,20,7,4,99
1974,,47,21,20,7,4,99
,,,,,,,
1975,,48,21,20,7,4,100
1976,,48,22,20,7,4,101
1977,,47,23,20,7,3,100
1978,,47,22,20,7,3,99
1979,,46,23,20,8,3,100
,,,,,,,
1980,,46,23,20,8,3,100
1981,,45,24,20,8,3,100
1982,,45,23,20,8,3,99
1983,,46,22,21,8,3,100
1984,,47,21,21,9,3,101
,,,,,,,
1985,,47,20,21,9,3,100
1986,,48,19,22,8,3,100
1987,,47,19,22,8,3,99
1988,,48,19,22,8,3,100
1989,,49,19,21,8,3,100
,,,,,,,
1990,,50,19,20,8,3,100
,,,,,,,
1920,31,30,28,25,11,6,100
1921,,27,29,27,11,6,100
1922,,27,29,27,11,6,100
1923,,26,29,27,11,6,99
1924,,26,29,27,11,7,100
,,,,,,,
1925,,26,29,27,12,7,101
1926,,26,28,28,12,7,101
1927,,25,28,28,12,8,101
1928,,24,28,28,12,8,100
1929,,24,27,29,13,8,101
,,,,,,,
1930,,22,26,30,14,9,101
1931,,22,25,30,14,9,100
1932,,22,24,30,14,10,100
1933,,20,23,31,15,10,99
1934,,18,23,32,16,11,100
,,,,,,,
1935,,18,21,32,17,12,100
1936,,18,21,32,17,12,100
1937,,18,19,33,18,12,100
1938,,17,19,34,18,12,100
1939,,17,18,35,19,12,101
,,,,,,,
1940,,17,17,35,19,12,100
1941,,16,17,36,19,12,100
1942,,17,17,37,19,11,101
1943,,17,17,38,18,10,100
1944,,16,18,39,17,9,99
,,,,,,,
1945,,16,19,41,17,8,101
1946,,16,19,41,16,7,99
1947,,19,19,40,15,6,99
1948,,19,19,41,15,6,100
1949,,21,19,40,14,6,100
,,,,,,,
1950,,22,19,40,14,6,101
1951,,23,19,39,14,5,100
1952,,24,19,39,14,5,101
1953,,25,19,38,13,5,100
1954,,27,18,36,13,5,99
,,,,,,,
1955,,27,19,35,13,5,99
1956,,29,18,34,13,6,100
1957,,30,18,34,13,6,101
1958,,31,18,32,13,6,100
1959,,32,18,32,12,5,99
,,,,,,,
1960,,33,18,31,12,6,100
1961,,34,18,30,12,5,99
1962,,35,18,29,12,5,99
1963,,36,18,29,12,5,100
1964,,37,18,29,11,5,100
,,,,,,,
1965,,38,18,28,11,5,100
1966,,38,19,27,11,5,100
1967,,38,20,27,11,5,101
1968,,38,21,26,10,5,100
1969,,38,22,25,10,5,100
,,,,,,,
1970,,39,22,25,10,4,100
1971,,40,22,24,9,4,99
1972,,42,22,23,9,4,100
1973,,43,22,23,8,4,100
1974,,43,22,23,8,4,100
,,,,,,,
1975,,44,22,22,8,4,100
1976,,43,23,22,8,4,100
1977,,42,24,22,8,4,100
1978,,42,24,22,8,4,100
1979,,41,24,22,9,4,100
,,,,,,,
1980,,41,24,22,9,4,100
1981,,40,25,22,9,4,100
1982,,41,24,23,9,4,101
1983,,42,22,23,9,4,100
1984,,43,21,23,10,4,101
,,,,,,,
1985,,43,20,23,10,4,100
1986,,43,20,24,9,4,100
1987,,43,20,24,9,4,100
1988,,43,20,24,9,4,100
1989,,45,20,23,9,4,101
,,,,,,,
1920,32,28,27,26,12,7,100
1921,,25,28,28,12,7,100
1922,,25,28,28,12,7,100
1923,,24,28,28,13,7,100
1924,,24,28,28,12,8,100
,,,,,,,
1925,,24,28,28,13,8,101
1926,,23,27,29,13,8,100
1927,,23,27,29,13,9,101
1928,,22,26,29,14,9,100
1929,,22,25,30,14,10,101
,,,,,,,
1930,,20,24,31,15,10,100
1931,,20,23,31,15,11,100
1932,,20,23,31,16,11,101
1933,,18,21,32,16,12,99
1934,,16,21,32,17,13,99
,,,,,,,
1935,,16,20,33,18,13,100
1936,,16,19,33,18,13,99
1937,,17,18,33,19,14,101
1938,,16,17,34,19,14,100
1939,,16,16,35,20,13,100
,,,,,,,
1940,,15,16,36,20,13,100
1941,,15,16,36,20,13,100
1942,,15,16,37,20,12,100
1943,,16,16,39,19,11,101
1944,,15,17,41,18,9,100
,,,,,,,
1945,,15,17,42,17,9,100
1946,,14,18,43,17,8,100
1947,,18,18,42,16,7,101
1948,,17,18,43,16,6,100
1949,,19,18,42,15,6,100
,,,,,,,
1950,,20,18,41,15,6,100
1951,,21,18,40,15,6,100
1952,,22,17,40,15,6,100
1953,,23,17,39,15,6,100
1954,,25,17,38,14,6,100
,,,,,,,
1955,,25,18,37,14,6,100
1956,,26,17,36,14,6,99
1957,,27,17,35,14,6,99
1958,,28,17,34,14,6,99
1959,,30,17,34,14,6,101
,,,,,,,
1960,,30,17,33,14,6,100
1961,,32,17,32,14,6,101
1962,,32,17,31,13,6,99
1963,,33,17,31,13,6,100
1964,,34,17,31,12,5,99
,,,,,,,
1965,,34,18,30,12,6,100
1966,,34,19,29,12,6,100
1967,,35,19,29,12,5,100
1968,,34,21,28,11,6,100
1969,,35,22,27,11,5,100
,,,,,,,
1970,,35,23,27,11,5,101
1971,,36,23,26,10,5,100
1972,,38,23,25,9,5,100
1973,,39,23,25,9,5,101
1974,,38,23,25,9,5,100
,,,,,,,
1975,,39,23,24,9,5,100
1976,,38,24,24,9,5,100
1977,,37,24,24,9,5,99
1978,,38,24,24,9,5,100
1979,,37,25,24,10,5,101
,,,,,,,
1980,,36,25,24,10,5,100
1981,,36,25,25,10,5,101
1982,,37,23,25,10,5,100
1983,,38,22,25,11,5,101
1984,,38,21,25,11,5,100
,,,,,,,
1985,,38,21,26,11,5,101
1986,,38,20,26,10,5,99
1987,,38,21,27,10,5,101
1988,,39,20,26,10,5,100
,,,,,,,
1920,33,26,26,27,13,8,100
1921,,23,27,29,13,8,100
1922,,24,27,28,13,8,100
1923,,22,27,29,13,8,99
1924,,22,27,29,13,9,100
,,,,,,,
1925,,22,27,29,13,9,100
1926,,22,26,29,14,10,101
1927,,21,26,29,14,10,100
1928,,20,25,30,15,11,101
1929,,20,24,30,15,11,100
,,,,,,,
1930,,18,23,31,16,12,100
1931,,18,22,31,16,12,99
1932,,18,21,31,17,13,100
1933,,17,20,32,17,14,100
1934,,15,20,32,18,14,99
,,,,,,,
1935,,15,19,33,19,15,101
1936,,15,18,33,19,15,100
1937,,15,17,33,20,15,100
1938,,15,16,34,20,15,100
1939,,15,15,35,20,14,99
,,,,,,,
1940,,14,15,36,21,14,100
1941,,14,15,37,21,14,101
1942,,14,15,38,20,12,99
1943,,15,15,40,19,11,100
1944,,14,16,41,19,10,100
,,,,,,,
1945,,13,16,43,18,9,99
1946,,13,17,43,18,8,99
1947,,16,17,42,17,7,99
1948,,16,17,44,17,7,101
1949,,17,17,43,16,7,100
,,,,,,,
1950,,18,16,42,16,7,99
1951,,20,17,41,16,7,101
1952,,20,16,41,16,7,100
1953,,21,16,40,16,7,100
1954,,23,16,39,15,7,100
,,,,,,,
1955,,23,17,38,15,7,100
1956,,24,16,37,15,7,99
1957,,25,16,36,15,7,99
1958,,26,17,35,15,7,100
1959,,27,16,35,15,7,100
,,,,,,,
1960,,28,16,34,15,7,100
1961,,29,16,34,15,7,101
1962,,30,16,33,14,7,100
1963,,30,16,33,14,6,99
1964,,31,16,33,14,6,100
,,,,,,,
1965,,32,17,32,13,6,100
1966,,32,18,31,13,6,100
1967,,32,19,31,13,6,101
1968,,31,21,30,12,6,100
1969,,32,21,29,12,6,100
,,,,,,,
1970,,32,22,29,12,6,101
1971,,33,22,28,11,6,100
1972,,34,23,27,10,5,99
1973,,35,23,27,10,6,101
1974,,34,23,27,10,6,100
,,,,,,,
1975,,35,23,27,10,6,101
1976,,34,24,27,10,6,101
1977,,33,24,27,10,6,100
1978,,33,24,26,10,6,99
1979,,32,25,27,11,5,100
,,,,,,,
1980,,32,25,27,11,5,100
1981,,32,24,27,11,5,99
1982,,33,23,27,12,5,100
1983,,34,22,28,12,5,101
1984,,34,21,28,12,5,100
,,,,,,,
1985,,34,20,28,12,5,99
1986,,34,20,29,11,5,99
1987,,34,21,29,11,5,100
,,,,,,,
1920,34,25,25,28,13,9,100
1921,,22,26,29,14,9,100
1922,,22,26,29,14,9,100
1923,,21,27,29,14,10,101
1924,,21,26,29,14,10,100
,,,,,,,
1925,,21,26,29,14,10,100
1926,,20,25,30,15,11,101
1927,,20,24,29,15,11,99
1928,,19,24,30,15,12,100
1929,,19,23,30,16,12,100
,,,,,,,
1930,,17,22,31,17,14,101
1931,,17,21,31,17,14,100
1932,,17,20,31,18,14,100
1933,,16,19,32,18,15,100
1934,,14,19,32,19,16,100
,,,,,,,
1935,,14,18,33,20,16,101
1936,,14,17,33,20,16,100
1937,,15,16,33,20,16,100
1938,,14,16,34,21,16,101
1939,,14,15,35,21,15,100
,,,,,,,
1940,,13,14,36,21,15,99
1941,,13,15,37,21,14,100
1942,,13,14,38,21,13,99
1943,,14,14,40,20,12,100
1944,,13,15,42,20,10,100
,,,,,,,
1945,,12,16,43,19,10,100
1946,,12,16,44,19,9,100
1947,,15,16,43,18,8,100
1948,,15,16,44,18,8,101
1949,,16,16,43,17,8,100
,,,,,,,
1950,,17,15,43,17,8,100
1951,,19,16,42,17,7,101
1952,,19,15,42,17,7,100
1953,,20,15,41,17,8,101
1954,,21,15,40,16,8,100
,,,,,,,
1955,,21,16,39,16,7,99
1956,,23,15,38,16,8,100
1957,,23,15,37,16,8,99
1958,,24,16,36,16,8,100
1959,,25,15,36,16,8,100
,,,,,,,
1960,,26,15,36,16,8,101
1961,,27,15,35,16,7,100
1962,,28,15,34,15,7,99
1963,,28,15,35,15,7,100
1964,,29,15,34,15,7,100
,,,,,,,
1965,,29,16,33,14,7,99
1966,,29,17,33,14,7,100
1967,,29,18,32,14,7,100
1968,,29,20,31,13,7,100
1969,,29,20,31,13,7,100
,,,,,,,
1970,,29,21,31,13,6,100
1971,,30,22,30,12,6,100
1972,,31,22,29,11,6,99
1973,,32,22,29,11,6,100
1974,,31,22,29,11,6,99
,,,,,,,
1975,,31,22,29,11,6,99
1976,,31,23,29,11,6,100
1977,,30,24,29,11,6,100
1978,,30,24,29,11,6,100
1979,,29,24,29,12,6,100
,,,,,,,
1980,,29,24,29,12,6,100
1981,,29,23,29,12,6,99
1982,,29,22,30,13,6,100
1983,,30,21,30,13,6,100
1984,,30,20,30,13,6,99
,,,,,,,
1985,,31,20,31,13,6,101
1986,,30,20,31,12,6,99
,,,,,,,
1920,35,24,24,28,14,10,100
1921,,21,25,29,15,10,100
1922,,21,25,29,14,10,99
1923,,20,26,29,15,11,101
1924,,20,25,29,15,11,100
,,,,,,,
1925,,20,25,29,15,11,100
1926,,19,24,30,15,12,100
1927,,19,24,29,16,13,101
1928,,18,23,30,16,13,100
1929,,18,22,30,16,14,100
,,,,,,,
1930,,16,21,31,17,15,100
1931,,16,20,31,18,15,100
1932,,16,20,31,18,16,101
1933,,15,18,32,19,16,100
1934,,13,18,32,20,17,100
,,,,,,,
1935,,14,17,33,20,17,101
1936,,14,16,32,21,17,100
1937,,14,15,33,21,17,100
1938,,13,15,34,21,17,100
1939,,13,14,35,21,16,99
,,,,,,,
1940,,13,14,36,22,16,101
1941,,12,14,37,22,15,100
1942,,13,14,39,21,14,101
1943,,13,14,40,21,12,100
1944,,12,15,42,20,11,100
,,,,,,,
1945,,12,15,43,20,10,100
1946,,11,16,44,19,10,100
1947,,15,16,43,18,9,101
1948,,14,15,44,19,8,100
1949,,15,15,44,18,8,100
,,,,,,,
1950,,16,14,43,18,8,99
1951,,18,15,42,17,8,100
1952,,18,14,42,17,8,99
1953,,19,14,42,17,8,100
1954,,20,14,40,17,8,99
,,,,,,,
1955,,20,15,40,17,8,100
1956,,21,15,39,17,8,100
1957,,22,14,38,17,8,99
1958,,23,15,37,17,8,100
1959,,24,14,37,17,8,100
,,,,,,,
1960,,25,14,37,17,8,101
1961,,26,14,36,17,8,101
1962,,26,14,35,17,8,100
1963,,27,14,36,16,7,100
1964,,27,14,35,16,7,99
,,,,,,,
1965,,27,15,35,15,7,99
1966,,27,16,34,15,7,99
1967,,27,17,34,15,7,100
1968,,27,19,33,14,7,100
1969,,27,19,32,14,7,99
,,,,,,,
1970,,27,20,32,14,7,100
1971,,27,21,32,13,7,100
1972,,29,21,31,12,7,100
1973,,29,21,31,12,7,100
1974,,28,21,31,12,7,99
,,,,,,,
1975,,29,21,31,12,7,100
1976,,28,22,31,12,7,100
1977,,27,23,31,12,7,100
1978,,27,22,31,13,7,100
1979,,26,23,31,13,7,100
,,,,,,,
1980,,26,23,31,13,7,100
1981,,26,22,31,13,7,99
1982,,26,21,32,14,7,100
1983,,27,20,32,14,7,100
1984,,27,20,33,14,7,101
,,,,,,,
1985,,27,19,33,14,7,100
,,,,,,,
1920,36,23,23,28,15,11,100
1921,,20,24,29,15,11,99
1922,,21,24,29,15,11,100
1923,,19,25,29,15,12,100
1924,,19,25,29,15,12,100
,,,,,,,
1925,,19,24,29,15,12,99
1926,,18,23,30,16,13,100
1927,,18,23,29,16,14,100
1928,,17,22,30,17,14,100
1929,,17,21,30,17,15,100
,,,,,,,
1930,,15,20,31,18,16,100
1931,,16,19,30,18,16,99
1932,,16,19,30,19,17,101
1933,,14,17,32,19,17,99
1934,,13,17,32,20,18,100
,,,,,,,
1935,,13,16,32,21,18,100
1936,,13,16,32,21,18,100
1937,,13,15,33,21,18,100
1938,,13,15,34,22,17,101
1939,,13,14,35,22,17,101
,,,,,,,
1940,,12,13,36,22,16,99
1941,,12,14,37,22,15,100
1942,,12,14,39,21,14,100
1943,,13,13,40,21,13,100
1944,,12,14,42,21,11,100
,,,,,,,
1945,,11,15,44,20,11,101
1946,,11,15,44,20,10,100
1947,,14,15,43,19,9,100
1948,,13,14,44,19,9,99
1949,,15,14,44,18,9,100
,,,,,,,
1950,,16,14,43,18,9,100
1951,,17,14,42,18,9,100
1952,,17,14,43,18,9,101
1953,,18,14,42,18,9,101
1954,,19,14,41,18,9,101
,,,,,,,
1955,,19,14,40,18,9,100
1956,,20,14,39,18,9,100
1957,,21,14,39,18,9,101
1958,,22,14,38,17,9,100
1959,,23,14,37,18,9,101
,,,,,,,
1960,,23,13,37,18,9,100
1961,,24,13,36,18,8,99
1962,,25,14,36,17,8,100
1963,,25,14,37,17,8,101
1964,,26,14,36,17,8,101
,,,,,,,
1965,,26,15,35,16,8,100
1966,,26,16,35,16,8,101
1967,,26,17,35,15,8,101
1968,,25,18,34,15,8,100
1969,,25,19,34,15,8,101
,,,,,,,
1970,,25,20,34,14,7,100
1971,,25,20,34,14,7,100
1972,,26,20,33,13,7,99
1973,,26,20,33,13,7,99
1974,,26,21,33,13,8,101
,,,,,,,
1975,,26,20,33,13,8,100
1976,,25,21,33,13,8,100
1977,,24,22,33,13,8,100
1978,,24,21,33,14,8,100
1979,,24,22,33,14,8,101
,,,,,,,
1980,,24,22,33,14,8,101
1981,,23,21,33,14,8,99
1982,,23,20,34,15,7,99
1983,,24,19,34,15,7,99
1984,,24,19,35,15,7,100
,,,,,,,
1920,37,23,23,28,15,12,101
1921,,20,24,29,16,12,101
1922,,20,24,29,15,12,100
1923,,18,24,29,16,13,100
1924,,18,24,29,16,13,100
,,,,,,,
1925,,18,24,29,16,13,100
1926,,18,22,29,16,14,99
1927,,17,22,29,17,15,100
1928,,16,22,29,17,15,99
1929,,16,21,30,17,16,100
,,,,,,,
1930,,15,19,30,18,17,99
1931,,15,19,30,19,17,100
1932,,15,18,30,19,18,100
1933,,14,17,32,19,18,100
1934,,12,17,32,21,18,100
,,,,,,,
1935,,13,16,32,21,18,100
1936,,13,16,32,21,18,100
1937,,13,14,33,21,18,99
1938,,12,14,34,22,18,100
1939,,12,14,35,22,17,100
,,,,,,,
1940,,12,13,36,22,17,100
1941,,12,13,37,22,16,100
1942,,12,13,39,22,14,100
1943,,13,13,40,21,13,100
1944,,12,14,42,21,12,101
,,,,,,,
1945,,11,14,43,20,11,99
1946,,10,15,44,20,11,100
1947,,14,15,43,19,9,100
1948,,13,14,45,19,9,100
1949,,14,14,44,19,9,100
,,,,,,,
1950,,15,13,43,19,9,99
1951,,16,14,43,18,9,100
1952,,16,13,43,18,9,99
1953,,17,13,42,18,9,99
1954,,18,13,41,18,9,99
,,,,,,,
1955,,18,14,40,18,9,99
1956,,19,14,40,18,9,100
1957,,20,13,39,18,10,100
1958,,21,14,38,18,9,100
1959,,22,13,38,18,9,100
,,,,,,,
1960,,22,13,37,18,9,99
1961,,23,13,37,18,9,100
1962,,23,14,36,18,9,100
1963,,24,13,37,18,8,100
1964,,24,13,37,17,8,99
,,,,,,,
1965,,24,14,36,17,8,99
1966,,24,15,36,16,8,99
1967,,24,16,35,16,8,99
1968,,23,18,35,16,8,100
1969,,23,18,35,15,8,99
,,,,,,,
1970,,23,19,35,15,8,100
1971,,23,20,35,15,8,101
1972,,24,20,34,14,8,100
1973,,24,20,34,14,8,100
1974,,23,20,34,14,8,99
,,,,,,,
1975,,24,20,34,14,8,100
1976,,23,20,34,14,9,100
1977,,22,21,34,14,8,99
1978,,23,20,34,15,8,100
1979,,22,21,34,15,8,100
,,,,,,,
1980,,21,21,35,15,8,100
1981,,21,21,35,15,8,100
1982,,21,20,36,15,8,100
1983,,22,18,36,15,8,99
,,,,,,,
1920,38,22,22,28,15,13,100
1921,,19,23,29,16,13,100
1922,,19,23,29,16,13,100
1923,,18,24,29,16,13,100
1924,,18,24,29,16,14,101
,,,,,,,
1925,,18,23,29,16,14,100
1926,,17,22,29,17,15,100
1927,,17,22,29,17,16,101
1928,,16,21,29,17,16,99
1929,,16,20,30,18,17,101
,,,,,,,
1930,,14,19,30,19,18,100
1931,,15,18,30,19,18,100
1932,,15,18,30,19,18,100
1933,,14,17,31,20,19,101
1934,,12,17,32,21,19,101
,,,,,,,
1935,,12,16,32,21,19,100
1936,,12,15,32,22,19,100
1937,,13,14,33,22,18,100
1938,,12,14,34,22,18,100
1939,,12,14,35,22,17,100
,,,,,,,
1940,,12,13,36,22,17,100
1941,,11,13,37,22,16,99
1942,,12,13,39,22,15,101
1943,,12,13,40,21,14,100
1944,,11,14,42,21,12,100
,,,,,,,
1945,,10,14,43,21,11,99
1946,,10,14,44,21,11,100
1947,,13,14,43,19,10,99
1948,,12,14,45,20,10,101
1949,,14,14,44,19,10,101
,,,,,,,
1950,,15,13,44,19,10,101
1951,,16,14,43,19,9,101
1952,,16,13,43,19,9,100
1953,,16,13,42,19,9,99
1954,,18,13,41,19,10,101
,,,,,,,
1955,,18,14,41,19,10,102
1956,,19,13,40,19,10,101
1957,,19,13,39,19,10,100
1958,,20,13,38,18,10,99
1959,,21,13,38,19,10,101
,,,,,,,
1960,,21,12,38,19,10,100
1961,,22,13,37,19,9,100
1962,,22,13,37,19,9,100
1963,,23,13,37,18,9,100
1964,,23,13,37,18,9,100
,,,,,,,
1965,,23,14,37,17,9,100
1966,,23,15,36,17,9,100
1967,,23,16,36,17,9,101
1968,,22,18,36,16,9,101
1969,,22,18,35,16,9,100
,,,,,,,
1970,,21,19,35,16,8,99
1971,,22,19,35,15,8,99
1972,,22,19,35,15,8,99
1973,,23,19,35,15,9,101
1974,,22,20,35,15,9,101
,,,,,,,
1975,,22,19,35,15,9,100
1976,,22,19,35,15,9,100
1977,,21,20,35,15,9,100
1978,,21,19,35,15,9,99
1979,,20,20,36,16,9,101
,,,,,,,
1980,,20,20,36,16,9,101
1981,,19,20,36,16,9,100
1982,,20,19,37,16,9,101
,,,,,,,
1920,39,22,22,27,16,13,100
1921,,19,23,29,16,13,100
1922,,19,23,29,16,14,101
1923,,17,24,29,16,14,100
1924,,17,23,29,16,15,100
,,,,,,,
1925,,18,23,29,16,15,101
1926,,17,21,29,17,16,100
1927,,17,21,29,17,16,100
1928,,16,21,29,17,17,100
1929,,16,20,29,18,17,100
,,,,,,,
1930,,14,19,30,19,19,101
1931,,14,18,30,19,19,100
1932,,14,18,30,19,19,100
1933,,13,16,31,20,19,99
1934,,12,16,32,21,19,100
,,,,,,,
1935,,12,15,32,21,19,99
1936,,12,15,32,22,19,100
1937,,13,14,33,22,19,101
1938,,12,14,34,22,18,100
1939,,12,14,35,22,17,100
,,,,,,,
1940,,12,13,36,22,17,100
1941,,11,13,37,22,16,99
1942,,12,13,38,22,15,100
1943,,12,12,40,21,14,99
1944,,11,14,42,21,12,100
,,,,,,,
1945,,10,14,43,21,12,100
1946,,10,14,44,21,11,100
1947,,13,14,43,19,10,99
1948,,12,14,45,20,10,101
1949,,13,13,44,19,10,99
,,,,,,,
1950,,14,13,44,19,10,100
1951,,15,13,43,19,10,100
1952,,15,13,43,19,10,100
1953,,16,13,43,19,10,101
1954,,17,13,41,19,10,100
,,,,,,,
1955,,17,13,41,19,10,100
1956,,18,13,40,19,10,100
1957,,19,13,40,19,10,101
1958,,20,13,39,19,10,101
1959,,20,12,38,19,10,99
,,,,,,,
1960,,21,12,38,19,10,100
1961,,21,13,37,19,10,100
1962,,22,13,37,19,9,100
1963,,22,13,38,19,9,101
1964,,22,13,38,18,9,100
,,,,,,,
1965,,22,14,37,18,9,100
1966,,22,14,37,17,9,99
1967,,22,15,36,17,9,99
1968,,21,17,36,17,9,100
1969,,21,18,36,17,9,101
,,,,,,,
1970,,20,19,36,16,9,100
1971,,20,19,36,16,9,100
1972,,21,19,35,15,9,99
1973,,21,19,35,15,9,99
1974,,21,19,36,15,9,100
,,,,,,,
1975,,21,18,36,15,10,100
1976,,20,19,36,15,10,100
1977,,20,19,36,16,9,100
1978,,20,19,36,16,9,100
1979,,19,19,36,16,9,99
,,,,,,,
1980,,18,19,37,16,9,99
1981,,18,19,37,16,9,99
,,,,,,,
1920,40,21,22,27,16,14,100
1921,,19,23,29,16,14,101
1922,,19,23,29,16,14,101
1923,,17,23,29,16,15,100
1924,,17,23,29,16,15,100
,,,,,,,
1925,,17,22,28,17,15,99
1926,,17,21,29,17,16,100
1927,,16,21,29,17,17,100
1928,,15,21,29,17,17,99
1929,,15,20,29,18,18,100
,,,,,,,
1930,,14,19,30,19,19,101
1931,,14,18,30,19,19,100
1932,,14,18,30,19,19,100
1933,,13,16,31,20,20,100
1934,,12,16,32,21,20,101
,,,,,,,
1935,,12,15,32,21,19,99
1936,,12,15,32,22,19,100
1937,,12,14,33,22,19,100
1938,,12,14,34,22,18,100
1939,,12,13,35,22,18,100
,,,,,,,
1940,,11,13,36,23,17,100
1941,,11,13,37,23,16,100
1942,,12,13,39,22,15,101
1943,,12,12,40,21,14,99
1944,,11,13,42,21,13,100
,,,,,,,
1945,,10,14,43,21,12,100
1946,,10,14,44,21,11,100
1947,,13,14,43,20,10,100
1948,,12,13,45,20,10,100
1949,,13,13,44,19,10,99
,,,,,,,
1950,,14,13,44,19,10,100
1951,,15,13,43,19,10,100
1952,,15,13,43,19,10,100
1953,,15,13,43,19,10,100
1954,,17,12,42,19,10,100
,,,,,,,
1955,,17,13,41,19,10,100
1956,,18,13,40,19,10,100
1957,,18,13,40,19,10,100
1958,,19,13,39,19,10,100
1959,,20,12,38,19,10,99
,,,,,,,
1960,,20,12,38,20,10,100
1961,,21,12,37,19,10,99
1962,,21,13,37,19,10,100
1963,,21,12,38,19,9,99
1964,,22,13,38,19,9,101
,,,,,,,
1965,,22,13,37,18,9,99
1966,,21,14,37,18,10,100
1967,,21,15,37,17,9,99
1968,,20,17,36,17,10,100
1969,,20,18,36,17,10,101
,,,,,,,
1970,,19,18,36,17,9,99
1971,,19,19,36,16,9,99
1972,,20,19,36,16,9,100
1973,,20,19,36,16,10,101
1974,,20,18,36,16,10,100
,,,,,,,
1975,,20,18,36,16,10,100
1976,,19,18,37,16,10,100
1977,,19,18,37,16,10,100
1978,,19,18,37,16,10,100
1979,,18,19,37,17,10,101
,,,,,,,
1980,,17,19,37,17,10,100
,,,,,,,
1920,41,21,21,27,16,14,99
1921,,18,22,29,16,14,99
1922,,18,22,28,16,15,99
1923,,17,23,29,16,15,100
1924,,17,23,29,16,16,101
,,,,,,,
1925,,17,22,28,17,16,100
1926,,17,21,29,17,17,101
1927,,16,21,29,17,17,100
1928,,15,21,29,18,18,101
1929,,15,20,29,18,18,100
,,,,,,,
1930,,14,18,30,19,19,100
1931,,14,18,30,19,19,100
1932,,14,17,30,19,19,99
1933,,13,16,31,20,20,100
1934,,12,16,32,21,20,101
,,,,,,,
1935,,12,15,32,21,20,100
1936,,12,15,32,22,19,100
1937,,12,14,33,22,19,100
1938,,12,14,34,22,19,101
1939,,12,13,35,22,18,100
,,,,,,,
1940,,11,13,36,23,17,100
1941,,11,13,37,22,17,100
1942,,11,13,38,22,15,99
1943,,12,12,40,21,14,99
1944,,11,13,42,21,13,100
,,,,,,,
1945,,10,14,43,21,12,100
1946,,9,14,44,21,12,100
1947,,13,14,43,20,10,100
1948,,12,13,45,20,10,100
1949,,13,13,44,19,10,99
,,,,,,,
1950,,14,13,44,19,10,100
1951,,15,13,43,19,10,100
1952,,15,12,44,19,10,100
1953,,15,13,43,19,10,100
1954,,17,12,42,19,10,100
,,,,,,,
1955,,16,13,41,19,10,99
1956,,17,13,40,19,11,100
1957,,18,12,40,19,11,100
1958,,19,13,39,19,11,101
1959,,19,12,39,19,10,99
,,,,,,,
1960,,20,12,38,20,10,100
1961,,20,12,38,20,10,100
1962,,21,13,37,20,10,101
1963,,21,12,38,19,10,100
1964,,21,12,38,19,9,99
,,,,,,,
1965,,21,13,38,18,10,100
1966,,21,14,37,18,10,100
1967,,20,15,37,18,10,100
1968,,19,17,37,17,10,100
1969,,19,17,36,17,10,99
,,,,,,,
1970,,18,18,37,17,10,100
1971,,19,19,37,17,10,102
1972,,20,18,36,16,10,100
1973,,20,18,36,16,10,100
1974,,19,18,37,16,10,100
,,,,,,,
1975,,19,18,37,16,10,100
1976,,19,18,37,16,10,100
1977,,18,18,37,16,10,99
1978,,18,18,38,17,10,101
1979,,17,19,38,17,10,101
,,,,,,,
1920,42,21,21,27,16,15,100
1921,,18,22,29,16,15,100
1922,,18,22,28,16,15,99
1923,,17,23,28,17,15,100
1924,,17,23,29,16,16,101
,,,,,,,
1925,,17,22,28,17,16,100
1926,,16,21,29,17,17,100
1927,,16,21,29,17,17,100
1928,,15,20,29,18,18,100
1929,,15,20,29,18,18,100
,,,,,,,
1930,,13,18,30,19,19,99
1931,,14,18,30,19,19,100
1932,,14,17,30,19,19,99
1933,,13,16,31,20,20,100
1934,,11,16,32,21,20,100
,,,,,,,
1935,,12,15,32,21,20,100
1936,,12,15,32,22,19,100
1937,,12,14,33,22,19,100
1938,,12,14,34,22,19,101
1939,,12,13,35,22,18,100
,,,,,,,
1940,,11,13,36,22,18,100
1941,,11,13,37,22,17,100
1942,,11,13,38,22,15,99
1943,,12,12,40,21,14,99
1944,,11,13,42,21,13,100
,,,,,,,
1945,,10,14,43,21,12,100
1946,,9,14,44,21,12,100
1947,,13,14,43,20,11,101
1948,,12,13,45,20,10,100
1949,,13,13,44,20,10,100
,,,,,,,
1950,,14,13,44,19,10,100
1951,,15,13,43,19,10,100
1952,,15,12,44,19,10,100
1953,,15,12,43,19,10,99
1954,,16,12,42,19,10,99
,,,,,,,
1955,,16,13,41,19,10,99
1956,,17,13,40,19,11,100
1957,,18,12,40,19,11,100
1958,,18,13,39,19,11,100
1959,,19,12,39,19,11,100
,,,,,,,
1960,,19,12,38,20,11,100
1961,,20,12,38,20,10,100
1962,,20,13,37,20,10,100
1963,,21,12,38,19,10,100
1964,,21,12,38,19,9,99
,,,,,,,
1965,,21,13,38,18,10,100
1966,,20,14,38,18,10,100
1967,,20,15,37,18,10,100
1968,,19,17,37,18,10,101
1969,,19,17,37,17,10,100
,,,,,,,
1970,,18,18,37,17,10,100
1971,,18,18,37,17,10,100
1972,,19,18,36,16,10,99
1973,,19,18,36,16,10,99
1974,,19,18,37,16,10,100
,,,,,,,
1975,,19,17,37,16,10,99
1976,,18,18,37,16,11,100
1977,,17,18,38,17,10,100
1978,,17,18,38,17,10,100
,,,,,,,
1920,43,21,21,27,16,15,100
1921,,18,22,28,16,15,99
1922,,18,22,28,16,15,99
1923,,17,23,28,17,16,101
1924,,17,23,28,16,16,100
,,,,,,,
1925,,17,22,28,17,16,100
1926,,16,21,29,17,17,100
1927,,16,21,28,17,18,100
1928,,15,20,29,18,18,100
1929,,15,19,29,18,19,100
,,,,,,,
1930,,13,18,30,19,20,100
1931,,14,18,30,19,20,101
1932,,14,17,30,19,20,100
1933,,13,16,31,20,20,100
1934,,11,16,32,21,20,100
,,,,,,,
1935,,12,15,32,21,20,100
1936,,12,15,32,22,19,100
1937,,12,14,33,22,19,100
1938,,11,14,34,22,19,100
1939,,12,13,35,22,18,100
,,,,,,,
1940,,11,13,36,22,18,100
1941,,11,13,37,22,17,100
1942,,11,13,38,22,15,99
1943,,12,12,40,21,14,99
1944,,11,13,42,21,13,100
,,,,,,,
1945,,10,14,43,21,12,100
1946,,9,14,44,21,12,100
1947,,13,14,43,20,11,101
1948,,11,13,45,20,10,99
1949,,13,13,44,20,10,100
,,,,,,,
1950,,14,13,44,20,10,101
1951,,15,13,43,19,10,100
1952,,15,12,44,19,10,100
1953,,15,12,43,19,10,99
1954,,16,12,42,19,10,99
,,,,,,,
1955,,16,13,41,19,10,99
1956,,17,12,41,19,11,100
1957,,17,12,40,20,11,100
1958,,18,13,39,19,11,100
1959,,19,12,39,20,11,101
,,,,,,,
1960,,19,12,38,20,11,100
1961,,20,12,38,20,10,100
1962,,20,13,37,20,10,100
1963,,20,12,38,19,10,99
1964,,21,12,38,19,10,100
,,,,,,,
1965,,20,13,38,18,10,99
1966,,20,14,38,18,10,100
1967,,20,15,37,18,10,100
1968,,18,17,37,18,10,100
1969,,18,17,37,18,10,100
,,,,,,,
1970,,18,18,37,17,10,100
1971,,18,18,37,17,10,100
1972,,19,18,37,17,10,101
1973,,19,18,37,16,10,100
1974,,18,18,37,16,11,100
,,,,,,,
1975,,19,17,37,16,11,100
1976,,18,17,38,16,11,100
1977,,17,18,38,17,10,100
,,,,,,,
1920,44,21,21,27,16,15,100
1921,,18,22,28,16,15,99
1922,,18,22,28,16,15,99
1923,,17,23,28,17,16,101
1924,,17,23,28,16,16,100
,,,,,,,
1925,,17,22,28,17,16,100
1926,,16,21,29,17,17,100
1927,,16,21,28,17,18,100
1928,,15,20,29,18,18,100
1929,,15,19,29,18,19,100
,,,,,,,
1930,,13,18,30,19,20,100
1931,,14,18,30,19,20,101
1932,,14,17,30,19,20,100
1933,,13,16,31,20,20,100
1934,,11,16,32,21,20,100
,,,,,,,
1935,,12,15,32,21,20,100
1936,,12,15,32,22,19,100
1937,,12,14,33,22,19,100
1938,,11,14,34,22,19,100
1939,,12,13,35,22,18,100
,,,,,,,
1940,,11,13,36,22,18,100
1941,,11,13,37,22,17,100
1942,,11,13,38,22,16,100
1943,,12,12,40,21,14,99
1944,,11,13,42,21,13,100
,,,,,,,
1945,,10,14,43,21,12,100
1946,,9,14,44,21,12,100
1947,,13,14,43,20,11,101
1948,,11,13,45,20,10,99
1949,,13,13,44,20,10,100
,,,,,,,
1950,,14,13,44,20,10,101
1951,,15,13,43,19,10,100
1952,,15,12,44,19,10,100
1953,,15,12,43,19,10,99
1954,,16,12,42,19,10,99
,,,,,,,
1955,,16,13,41,19,10,99
1956,,17,12,41,19,11,100
1957,,17,12,40,20,11,100
1958,,18,13,39,19,11,100
1959,,19,12,39,20,11,101
,,,,,,,
1960,,19,12,38,20,11,100
1961,,20,12,38,20,10,100
1962,,20,13,37,20,10,100
1963,,20,12,38,20,10,100
1964,,20,12,38,19,10,99
,,,,,,,
1965,,20,13,38,19,10,100
1966,,20,14,38,18,10,100
1967,,20,15,37,18,10,100
1968,,18,17,37,18,10,100
1969,,18,17,37,18,10,100
,,,,,,,
1970,,18,18,37,17,10,100
1971,,18,18,37,17,10,100
1972,,19,18,37,17,10,101
1973,,19,18,37,16,10,100
1974,,18,18,37,16,11,100
,,,,,,,
1975,,18,17,37,16,11,99
1976,,18,17,38,17,11,101
,,,,,,,
1920,45,21,21,27,16,15,100
1921,,18,22,28,16,15,99
1922,,18,22,28,16,15,99
1923,,17,23,28,17,16,101
1924,,17,23,28,16,16,100
,,,,,,,
1925,,17,22,28,17,16,100
1926,,16,21,29,17,17,100
1927,,16,21,28,17,18,100
1928,,15,20,29,18,18,100
1929,,15,19,29,18,19,100
,,,,,,,
1930,,13,18,30,19,20,100
1931,,14,18,30,19,20,101
1932,,14,17,30,19,20,100
1933,,13,16,31,20,20,100
1934,,11,16,32,21,20,100
,,,,,,,
1935,,12,15,32,21,20,100
1936,,12,15,32,22,19,100
1937,,12,14,33,22,19,100
1938,,11,14,34,22,19,100
1939,,12,13,35,22,18,100
,,,,,,,
1940,,11,13,36,22,18,100
1941,,11,13,37,22,17,100
1942,,11,13,38,22,16,100
1943,,12,12,40,21,15,100
1944,,11,13,42,21,13,100
,,,,,,,
1945,,10,14,43,21,12,100
1946,,9,14,44,21,12,100
1947,,12,14,43,20,11,100
1948,,11,13,44,20,11,99
1949,,13,13,44,20,11,101
,,,,,,,
1950,,14,13,44,20,10,101
1951,,14,13,43,19,10,99
1952,,14,12,44,19,10,99
1953,,15,12,43,19,10,99
1954,,16,12,42,19,10,99
,,,,,,,
1955,,16,13,41,19,11,100
1956,,17,12,41,19,11,100
1957,,17,12,40,20,11,100
1958,,18,13,39,19,11,100
1959,,19,12,39,20,11,101
,,,,,,,
1960,,19,12,38,20,11,100
1961,,20,12,38,20,10,100
1962,,20,13,37,20,10,100
1963,,20,12,38,20,10,100
1964,,20,12,38,19,10,99
,,,,,,,
1965,,20,13,38,19,10,100
1966,,20,14,38,18,10,100
1967,,20,15,37,18,10,100
1968,,18,17,37,18,10,100
1969,,18,17,37,18,10,100
,,,,,,,
1970,,17,18,37,17,10,99
1971,,18,18,37,17,10,100
1972,,19,18,37,17,10,101
1973,,19,18,37,16,10,100
1974,,18,18,37,16,11,100
,,,,,,,
1975,,18,17,37,16,11,99
,,,,,,,
1920,Final3,21,21,27,16,15,100
1921,,18,22,28,16,15,99
1922,,18,22,28,16,15,99
1923,,16,23,28,17,16,100
1924,,17,22,28,16,16,99
,,,,,,,
1925,,17,22,28,17,16,100
1926,,16,21,29,17,17,100
1927,,16,21,28,17,18,100
1928,,15,20,29,18,18,100
1929,,15,19,29,18,19,100
,,,,,,,
1930,,13,18,30,19,20,100
1931,,14,18,30,19,20,101
1932,,14,17,30,19,20,100
1933,,13,16,31,20,20,100
1934,,11,16,32,21,20,100
,,,,,,,
1935,,12,15,32,21,20,100
1936,,12,15,32,22,20,101
1937,,12,14,33,22,19,100
1938,,11,14,34,22,19,100
1939,,12,13,35,22,18,100
,,,,,,,
1940,,11,13,36,22,18,100
1941,,11,13,37,22,17,100
1942,,11,13,38,22,16,100
1943,,12,12,40,21,15,100
1944,,11,13,42,21,13,100
,,,,,,,
1945,,10,14,43,21,12,100
1946,,9,14,44,21,12,100
1947,,12,14,43,20,11,100
1948,,11,13,44,20,11,99
1949,,13,13,44,20,11,101
,,,,,,,
1950,,14,13,44,20,10,101
1951,,14,13,43,19,10,99
1952,,14,12,44,19,10,99
1953,,15,12,43,19,10,99
1954,,16,12,42,19,10,99
,,,,,,,
1955,,16,13,41,19,11,100
1956,,17,12,41,19,11,100
1957,,17,12,40,20,11,100
1958,,18,13,39,19,11,100
1959,,19,12,39,20,11,101
,,,,,,,
1960,,19,12,38,20,11,100
1961,,20,12,38,20,10,100
1962,,20,13,37,20,10,100
1963,,20,12,38,20,10,100
1964,,20,12,38,19,10,99
,,,,,,,
1965,,20,13,38,19,10,100
1966,,20,14,38,18,10,100
1967,,19,15,37,18,10,99
1968,,18,17,37,18,10,100
1969,,18,17,37,18,10,100
,,,,,,,
1970,,17,18,37,17,10,99
1971,,18,18,37,17,10,100
1972,,18,18,37,17,10,100
1973,,19,18,37,16,10,100
1974,,18,18,37,16,11,100
